old_route	new_route	old_source	new_source
/cli/agent.html	/cli/reference/agent/	docs/cli/agent.md	docs/cli/reference/agent.md
/cli/cli/activate-pane-direction.html	/cli/reference/cli/activate-pane-direction/	docs/cli/cli/activate-pane-direction.md	docs/cli/reference/cli/activate-pane-direction.md
/cli/cli/activate-pane.html	/cli/reference/cli/activate-pane/	docs/cli/cli/activate-pane.md	docs/cli/reference/cli/activate-pane.md
/cli/cli/activate-tab.html	/cli/reference/cli/activate-tab/	docs/cli/cli/activate-tab.md	docs/cli/reference/cli/activate-tab.md
/cli/cli/adjust-pane-size.html	/cli/reference/cli/adjust-pane-size/	docs/cli/cli/adjust-pane-size.md	docs/cli/reference/cli/adjust-pane-size.md
/cli/cli/get-pane-direction.html	/cli/reference/cli/get-pane-direction/	docs/cli/cli/get-pane-direction.md	docs/cli/reference/cli/get-pane-direction.md
/cli/cli/get-text.html	/cli/reference/cli/get-text/	docs/cli/cli/get-text.md	docs/cli/reference/cli/get-text.md
/cli/cli/index.html	/cli/reference/cli/	docs/cli/cli/index.markdown	docs/cli/reference/cli/index.markdown
/cli/cli/kill-pane.html	/cli/reference/cli/kill-pane/	docs/cli/cli/kill-pane.md	docs/cli/reference/cli/kill-pane.md
/cli/cli/list-clients.html	/cli/reference/cli/list-clients/	docs/cli/cli/list-clients.md	docs/cli/reference/cli/list-clients.md
/cli/cli/list.html	/cli/reference/cli/list/	docs/cli/cli/list.md	docs/cli/reference/cli/list.md
/cli/cli/move-pane-to-new-tab.html	/cli/reference/cli/move-pane-to-new-tab/	docs/cli/cli/move-pane-to-new-tab.md	docs/cli/reference/cli/move-pane-to-new-tab.md
/cli/cli/rename-workspace.html	/cli/reference/cli/rename-workspace/	docs/cli/cli/rename-workspace.md	docs/cli/reference/cli/rename-workspace.md
/cli/cli/restore-layout.html	/cli/reference/cli/restore-layout/	docs/cli/cli/restore-layout.md	docs/cli/reference/cli/restore-layout.md
/cli/cli/save-layout.html	/cli/reference/cli/save-layout/	docs/cli/cli/save-layout.md	docs/cli/reference/cli/save-layout.md
/cli/cli/send-text.html	/cli/reference/cli/send-text/	docs/cli/cli/send-text.md	docs/cli/reference/cli/send-text.md
/cli/cli/set-tab-title.html	/cli/reference/cli/set-tab-title/	docs/cli/cli/set-tab-title.md	docs/cli/reference/cli/set-tab-title.md
/cli/cli/set-window-title.html	/cli/reference/cli/set-window-title/	docs/cli/cli/set-window-title.md	docs/cli/reference/cli/set-window-title.md
/cli/cli/spawn.html	/cli/reference/cli/spawn/	docs/cli/cli/spawn.md	docs/cli/reference/cli/spawn.md
/cli/cli/split-pane.html	/cli/reference/cli/split-pane/	docs/cli/cli/split-pane.md	docs/cli/reference/cli/split-pane.md
/cli/cli/zoom-pane.html	/cli/reference/cli/zoom-pane/	docs/cli/cli/zoom-pane.md	docs/cli/reference/cli/zoom-pane.md
/cli/connect.html	/cli/reference/connect/	docs/cli/connect.md	docs/cli/reference/connect.md
/cli/general.html	/cli/reference/	docs/cli/general.md	docs/cli/reference/index.md
/cli/imgcat.html	/cli/reference/imgcat/	docs/cli/imgcat.md	docs/cli/reference/imgcat.md
/cli/ls-fonts.html	/cli/reference/ls-fonts/	docs/cli/ls-fonts.md	docs/cli/reference/ls-fonts.md
/cli/record.html	/cli/reference/record/	docs/cli/record.md	docs/cli/reference/record.md
/cli/replay.html	/cli/reference/replay/	docs/cli/replay.md	docs/cli/reference/replay.md
/cli/serial.html	/cli/reference/serial/	docs/cli/serial.md	docs/cli/reference/serial.md
/cli/set-working-directory.html	/cli/reference/set-working-directory/	docs/cli/set-working-directory.md	docs/cli/reference/set-working-directory.md
/cli/show-keys.html	/cli/reference/show-keys/	docs/cli/show-keys.md	docs/cli/reference/show-keys.md
/cli/ssh.html	/cli/reference/ssh/	docs/cli/ssh.md	docs/cli/reference/ssh.md
/cli/start.html	/cli/reference/start/	docs/cli/start.md	docs/cli/reference/start.md
/config/appearance.html	/guides/configuration/appearance/	docs/config/appearance.md	docs/guides/configuration/appearance.md
/config/default-keys.html	/guides/configuration/default-keys/	docs/config/default-keys.md	docs/guides/configuration/default-keys.md
/config/files.html	/guides/configuration/files/	docs/config/files.md	docs/guides/configuration/files.md
/config/font-shaping.html	/guides/configuration/font-shaping/	docs/config/font-shaping.md	docs/guides/configuration/font-shaping.md
/config/fonts.html	/guides/configuration/fonts/	docs/config/fonts.md	docs/guides/configuration/fonts.md
/config/key-encoding.html	/guides/configuration/key-encoding/	docs/config/key-encoding.md	docs/guides/configuration/key-encoding.md
/config/key-tables.html	/guides/configuration/key-tables/	docs/config/key-tables.md	docs/guides/configuration/key-tables.md
/config/keyboard-concepts.html	/guides/configuration/keyboard-concepts/	docs/config/keyboard-concepts.md	docs/guides/configuration/keyboard-concepts.md
/config/keys.html	/guides/configuration/keys/	docs/config/keys.md	docs/guides/configuration/keys.md
/config/launch.html	/guides/configuration/launch/	docs/config/launch.md	docs/guides/configuration/launch.md
/config/lua/color/adjust_hue_fixed.html	/reference/lua/color/adjust-hue-fixed/	docs/config/lua/color/adjust_hue_fixed.md	docs/reference/lua/color/adjust_hue_fixed.md
/config/lua/color/adjust_hue_fixed_ryb.html	/reference/lua/color/adjust-hue-fixed-ryb/	docs/config/lua/color/adjust_hue_fixed_ryb.md	docs/reference/lua/color/adjust_hue_fixed_ryb.md
/config/lua/color/complement.html	/reference/lua/color/complement/	docs/config/lua/color/complement.md	docs/reference/lua/color/complement.md
/config/lua/color/complement_ryb.html	/reference/lua/color/complement-ryb/	docs/config/lua/color/complement_ryb.md	docs/reference/lua/color/complement_ryb.md
/config/lua/color/contrast_ratio.html	/reference/lua/color/contrast-ratio/	docs/config/lua/color/contrast_ratio.md	docs/reference/lua/color/contrast_ratio.md
/config/lua/color/darken.html	/reference/lua/color/darken/	docs/config/lua/color/darken.md	docs/reference/lua/color/darken.md
/config/lua/color/darken_fixed.html	/reference/lua/color/darken-fixed/	docs/config/lua/color/darken_fixed.md	docs/reference/lua/color/darken_fixed.md
/config/lua/color/delta_e.html	/reference/lua/color/delta-e/	docs/config/lua/color/delta_e.md	docs/reference/lua/color/delta_e.md
/config/lua/color/desaturate.html	/reference/lua/color/desaturate/	docs/config/lua/color/desaturate.md	docs/reference/lua/color/desaturate.md
/config/lua/color/desaturate_fixed.html	/reference/lua/color/desaturate-fixed/	docs/config/lua/color/desaturate_fixed.md	docs/reference/lua/color/desaturate_fixed.md
/config/lua/color/hsla.html	/reference/lua/color/hsla/	docs/config/lua/color/hsla.md	docs/reference/lua/color/hsla.md
/config/lua/color/index.html	/reference/lua/color/	docs/config/lua/color/index.markdown	docs/reference/lua/color/index.markdown
/config/lua/color/laba.html	/reference/lua/color/laba/	docs/config/lua/color/laba.md	docs/reference/lua/color/laba.md
/config/lua/color/lighten.html	/reference/lua/color/lighten/	docs/config/lua/color/lighten.md	docs/reference/lua/color/lighten.md
/config/lua/color/lighten_fixed.html	/reference/lua/color/lighten-fixed/	docs/config/lua/color/lighten_fixed.md	docs/reference/lua/color/lighten_fixed.md
/config/lua/color/linear_rgba.html	/reference/lua/color/linear-rgba/	docs/config/lua/color/linear_rgba.md	docs/reference/lua/color/linear_rgba.md
/config/lua/color/saturate.html	/reference/lua/color/saturate/	docs/config/lua/color/saturate.md	docs/reference/lua/color/saturate.md
/config/lua/color/saturate_fixed.html	/reference/lua/color/saturate-fixed/	docs/config/lua/color/saturate_fixed.md	docs/reference/lua/color/saturate_fixed.md
/config/lua/color/square.html	/reference/lua/color/square/	docs/config/lua/color/square.md	docs/reference/lua/color/square.md
/config/lua/color/srgb_u8.html	/reference/lua/color/srgb-u8/	docs/config/lua/color/srgb_u8.md	docs/reference/lua/color/srgb_u8.md
/config/lua/color/triad.html	/reference/lua/color/triad/	docs/config/lua/color/triad.md	docs/reference/lua/color/triad.md
/config/lua/config/adjust_window_size_when_changing_font_size.html	/reference/config/adjust-window-size-when-changing-font-size/	docs/config/lua/config/adjust_window_size_when_changing_font_size.md	docs/reference/config/adjust_window_size_when_changing_font_size.md
/config/lua/config/agent_auto_adopt_on_confirmed_session_match.html	/reference/config/agent-auto-adopt-on-confirmed-session-match/	docs/config/lua/config/agent_auto_adopt_on_confirmed_session_match.md	docs/reference/config/agent_auto_adopt_on_confirmed_session_match.md
/config/lua/config/agent_tab_attention_pulse.html	/reference/config/agent-tab-attention-pulse/	docs/config/lua/config/agent_tab_attention_pulse.md	docs/reference/config/agent_tab_attention_pulse.md
/config/lua/config/agent_tab_badge.html	/reference/config/agent-tab-badge/	docs/config/lua/config/agent_tab_badge.md	docs/reference/config/agent_tab_badge.md
/config/lua/config/agent_tab_badge_mode.html	/reference/config/agent-tab-badge-mode/	docs/config/lua/config/agent_tab_badge_mode.md	docs/reference/config/agent_tab_badge_mode.md
/config/lua/config/allow_square_glyphs_to_overflow_width.html	/reference/config/allow-square-glyphs-to-overflow-width/	docs/config/lua/config/allow_square_glyphs_to_overflow_width.md	docs/reference/config/allow_square_glyphs_to_overflow_width.md
/config/lua/config/allow_win32_input_mode.html	/reference/config/allow-win32-input-mode/	docs/config/lua/config/allow_win32_input_mode.md	docs/reference/config/allow_win32_input_mode.md
/config/lua/config/alternate_buffer_wheel_scroll_speed.html	/reference/config/alternate-buffer-wheel-scroll-speed/	docs/config/lua/config/alternate_buffer_wheel_scroll_speed.md	docs/reference/config/alternate_buffer_wheel_scroll_speed.md
/config/lua/config/animation_fps.html	/reference/config/animation-fps/	docs/config/lua/config/animation_fps.md	docs/reference/config/animation_fps.md
/config/lua/config/anti_alias_custom_block_glyphs.html	/reference/config/anti-alias-custom-block-glyphs/	docs/config/lua/config/anti_alias_custom_block_glyphs.md	docs/reference/config/anti_alias_custom_block_glyphs.md
/config/lua/config/audible_bell.html	/reference/config/audible-bell/	docs/config/lua/config/audible_bell.md	docs/reference/config/audible_bell.md
/config/lua/config/automatically_reload_config.html	/reference/config/automatically-reload-config/	docs/config/lua/config/automatically_reload_config.md	docs/reference/config/automatically_reload_config.md
/config/lua/config/background.html	/reference/config/background/	docs/config/lua/config/background.md	docs/reference/config/background.md
/config/lua/config/bold_brightens_ansi_colors.html	/reference/config/bold-brightens-ansi-colors/	docs/config/lua/config/bold_brightens_ansi_colors.md	docs/reference/config/bold_brightens_ansi_colors.md
/config/lua/config/bypass_mouse_reporting_modifiers.html	/reference/config/bypass-mouse-reporting-modifiers/	docs/config/lua/config/bypass_mouse_reporting_modifiers.md	docs/reference/config/bypass_mouse_reporting_modifiers.md
/config/lua/config/canonicalize_pasted_newlines.html	/reference/config/canonicalize-pasted-newlines/	docs/config/lua/config/canonicalize_pasted_newlines.md	docs/reference/config/canonicalize_pasted_newlines.md
/config/lua/config/cell_width.html	/reference/config/cell-width/	docs/config/lua/config/cell_width.md	docs/reference/config/cell_width.md
/config/lua/config/cell_widths.html	/reference/config/cell-widths/	docs/config/lua/config/cell_widths.md	docs/reference/config/cell_widths.md
/config/lua/config/char_select_bg_color.html	/reference/config/char-select-bg-color/	docs/config/lua/config/char_select_bg_color.md	docs/reference/config/char_select_bg_color.md
/config/lua/config/char_select_fg_color.html	/reference/config/char-select-fg-color/	docs/config/lua/config/char_select_fg_color.md	docs/reference/config/char_select_fg_color.md
/config/lua/config/char_select_font.html	/reference/config/char-select-font/	docs/config/lua/config/char_select_font.md	docs/reference/config/char_select_font.md
/config/lua/config/char_select_font_size.html	/reference/config/char-select-font-size/	docs/config/lua/config/char_select_font_size.md	docs/reference/config/char_select_font_size.md
/config/lua/config/check_for_updates.html	/reference/config/check-for-updates/	docs/config/lua/config/check_for_updates.md	docs/reference/config/check_for_updates.md
/config/lua/config/clean_exit_codes.html	/reference/config/clean-exit-codes/	docs/config/lua/config/clean_exit_codes.md	docs/reference/config/clean_exit_codes.md
/config/lua/config/color_schemes.html	/reference/config/color-schemes/	docs/config/lua/config/color_schemes.md	docs/reference/config/color_schemes.md
/config/lua/config/colors.html	/reference/config/colors/	docs/config/lua/config/colors.md	docs/reference/config/colors.md
/config/lua/config/command_palette_bg_color.html	/reference/config/command-palette-bg-color/	docs/config/lua/config/command_palette_bg_color.md	docs/reference/config/command_palette_bg_color.md
/config/lua/config/command_palette_fg_color.html	/reference/config/command-palette-fg-color/	docs/config/lua/config/command_palette_fg_color.md	docs/reference/config/command_palette_fg_color.md
/config/lua/config/command_palette_font.html	/reference/config/command-palette-font/	docs/config/lua/config/command_palette_font.md	docs/reference/config/command_palette_font.md
/config/lua/config/command_palette_font_size.html	/reference/config/command-palette-font-size/	docs/config/lua/config/command_palette_font_size.md	docs/reference/config/command_palette_font_size.md
/config/lua/config/command_palette_rows.html	/reference/config/command-palette-rows/	docs/config/lua/config/command_palette_rows.md	docs/reference/config/command_palette_rows.md
/config/lua/config/cursor_blink_ease_in.html	/reference/config/cursor-blink-ease-in/	docs/config/lua/config/cursor_blink_ease_in.md	docs/reference/config/cursor_blink_ease_in.md
/config/lua/config/cursor_blink_ease_out.html	/reference/config/cursor-blink-ease-out/	docs/config/lua/config/cursor_blink_ease_out.md	docs/reference/config/cursor_blink_ease_out.md
/config/lua/config/cursor_blink_rate.html	/reference/config/cursor-blink-rate/	docs/config/lua/config/cursor_blink_rate.md	docs/reference/config/cursor_blink_rate.md
/config/lua/config/cursor_thickness.html	/reference/config/cursor-thickness/	docs/config/lua/config/cursor_thickness.md	docs/reference/config/cursor_thickness.md
/config/lua/config/custom_block_glyphs.html	/reference/config/custom-block-glyphs/	docs/config/lua/config/custom_block_glyphs.md	docs/reference/config/custom_block_glyphs.md
/config/lua/config/daemon_options.html	/reference/config/daemon-options/	docs/config/lua/config/daemon_options.md	docs/reference/config/daemon_options.md
/config/lua/config/debug_key_events.html	/reference/config/debug-key-events/	docs/config/lua/config/debug_key_events.md	docs/reference/config/debug_key_events.md
/config/lua/config/default_cursor_style.html	/reference/config/default-cursor-style/	docs/config/lua/config/default_cursor_style.md	docs/reference/config/default_cursor_style.md
/config/lua/config/default_cwd.html	/reference/config/default-cwd/	docs/config/lua/config/default_cwd.md	docs/reference/config/default_cwd.md
/config/lua/config/default_domain.html	/reference/config/default-domain/	docs/config/lua/config/default_domain.md	docs/reference/config/default_domain.md
/config/lua/config/default_gui_startup_args.html	/reference/config/default-gui-startup-args/	docs/config/lua/config/default_gui_startup_args.md	docs/reference/config/default_gui_startup_args.md
/config/lua/config/default_mux_server_domain.html	/reference/config/default-mux-server-domain/	docs/config/lua/config/default_mux_server_domain.md	docs/reference/config/default_mux_server_domain.md
/config/lua/config/default_prog.html	/reference/config/default-prog/	docs/config/lua/config/default_prog.md	docs/reference/config/default_prog.md
/config/lua/config/default_ssh_auth_sock.html	/reference/config/default-ssh-auth-sock/	docs/config/lua/config/default_ssh_auth_sock.md	docs/reference/config/default_ssh_auth_sock.md
/config/lua/config/default_workspace.html	/reference/config/default-workspace/	docs/config/lua/config/default_workspace.md	docs/reference/config/default_workspace.md
/config/lua/config/detect_password_input.html	/reference/config/detect-password-input/	docs/config/lua/config/detect_password_input.md	docs/reference/config/detect_password_input.md
/config/lua/config/disable_default_mouse_bindings.html	/reference/config/disable-default-mouse-bindings/	docs/config/lua/config/disable_default_mouse_bindings.md	docs/reference/config/disable_default_mouse_bindings.md
/config/lua/config/disable_default_quick_select_patterns.html	/reference/config/disable-default-quick-select-patterns/	docs/config/lua/config/disable_default_quick_select_patterns.md	docs/reference/config/disable_default_quick_select_patterns.md
/config/lua/config/display_pixel_geometry.html	/reference/config/display-pixel-geometry/	docs/config/lua/config/display_pixel_geometry.md	docs/reference/config/display_pixel_geometry.md
/config/lua/config/dpi.html	/reference/config/dpi/	docs/config/lua/config/dpi.md	docs/reference/config/dpi.md
/config/lua/config/enable_checksum_rectangular_area.html	/reference/config/enable-checksum-rectangular-area/	docs/config/lua/config/enable_checksum_rectangular_area.md	docs/reference/config/enable_checksum_rectangular_area.md
/config/lua/config/enable_csi_u_key_encoding.html	/reference/config/enable-csi-u-key-encoding/	docs/config/lua/config/enable_csi_u_key_encoding.md	docs/reference/config/enable_csi_u_key_encoding.md
/config/lua/config/enable_kitty_keyboard.html	/reference/config/enable-kitty-keyboard/	docs/config/lua/config/enable_kitty_keyboard.md	docs/reference/config/enable_kitty_keyboard.md
/config/lua/config/enable_scroll_bar.html	/reference/config/enable-scroll-bar/	docs/config/lua/config/enable_scroll_bar.md	docs/reference/config/enable_scroll_bar.md
/config/lua/config/enable_tab_bar.html	/reference/config/enable-tab-bar/	docs/config/lua/config/enable_tab_bar.md	docs/reference/config/enable_tab_bar.md
/config/lua/config/enable_wayland.html	/reference/config/enable-wayland/	docs/config/lua/config/enable_wayland.md	docs/reference/config/enable_wayland.md
/config/lua/config/exit_behavior.html	/reference/config/exit-behavior/	docs/config/lua/config/exit_behavior.md	docs/reference/config/exit_behavior.md
/config/lua/config/exit_behavior_messaging.html	/reference/config/exit-behavior-messaging/	docs/config/lua/config/exit_behavior_messaging.md	docs/reference/config/exit_behavior_messaging.md
/config/lua/config/font.html	/reference/config/font/	docs/config/lua/config/font.md	docs/reference/config/font.md
/config/lua/config/font_antialias.html	/reference/config/font-antialias/	docs/config/lua/config/font_antialias.md	docs/reference/config/font_antialias.md
/config/lua/config/font_dirs.html	/reference/config/font-dirs/	docs/config/lua/config/font_dirs.md	docs/reference/config/font_dirs.md
/config/lua/config/font_hinting.html	/reference/config/font-hinting/	docs/config/lua/config/font_hinting.md	docs/reference/config/font_hinting.md
/config/lua/config/font_locator.html	/reference/config/font-locator/	docs/config/lua/config/font_locator.md	docs/reference/config/font_locator.md
/config/lua/config/font_rasterizer.html	/reference/config/font-rasterizer/	docs/config/lua/config/font_rasterizer.md	docs/reference/config/font_rasterizer.md
/config/lua/config/font_rules.html	/reference/config/font-rules/	docs/config/lua/config/font_rules.md	docs/reference/config/font_rules.md
/config/lua/config/font_shaper.html	/reference/config/font-shaper/	docs/config/lua/config/font_shaper.md	docs/reference/config/font_shaper.md
/config/lua/config/font_size.html	/reference/config/font-size/	docs/config/lua/config/font_size.md	docs/reference/config/font_size.md
/config/lua/config/force_reverse_video_cursor.html	/reference/config/force-reverse-video-cursor/	docs/config/lua/config/force_reverse_video_cursor.md	docs/reference/config/force_reverse_video_cursor.md
/config/lua/config/foreground_text_hsb.html	/reference/config/foreground-text-hsb/	docs/config/lua/config/foreground_text_hsb.md	docs/reference/config/foreground_text_hsb.md
/config/lua/config/freetype_interpreter_version.html	/reference/config/freetype-interpreter-version/	docs/config/lua/config/freetype_interpreter_version.md	docs/reference/config/freetype_interpreter_version.md
/config/lua/config/freetype_load_flags.html	/reference/config/freetype-load-flags/	docs/config/lua/config/freetype_load_flags.md	docs/reference/config/freetype_load_flags.md
/config/lua/config/freetype_load_target.html	/reference/config/freetype-load-target/	docs/config/lua/config/freetype_load_target.md	docs/reference/config/freetype_load_target.md
/config/lua/config/freetype_pcf_long_family_names.html	/reference/config/freetype-pcf-long-family-names/	docs/config/lua/config/freetype_pcf_long_family_names.md	docs/reference/config/freetype_pcf_long_family_names.md
/config/lua/config/freetype_render_target.html	/reference/config/freetype-render-target/	docs/config/lua/config/freetype_render_target.md	docs/reference/config/freetype_render_target.md
/config/lua/config/front_end.html	/reference/config/front-end/	docs/config/lua/config/front_end.md	docs/reference/config/front_end.md
/config/lua/config/harfbuzz_features.html	/reference/config/harfbuzz-features/	docs/config/lua/config/harfbuzz_features.md	docs/reference/config/harfbuzz_features.md
/config/lua/config/hide_mouse_cursor_when_typing.html	/reference/config/hide-mouse-cursor-when-typing/	docs/config/lua/config/hide_mouse_cursor_when_typing.md	docs/reference/config/hide_mouse_cursor_when_typing.md
/config/lua/config/hide_tab_bar_if_only_one_tab.html	/reference/config/hide-tab-bar-if-only-one-tab/	docs/config/lua/config/hide_tab_bar_if_only_one_tab.md	docs/reference/config/hide_tab_bar_if_only_one_tab.md
/config/lua/config/hyperlink_rules.html	/reference/config/hyperlink-rules/	docs/config/lua/config/hyperlink_rules.md	docs/reference/config/hyperlink_rules.md
/config/lua/config/ime_preedit_rendering.html	/reference/config/ime-preedit-rendering/	docs/config/lua/config/ime_preedit_rendering.md	docs/reference/config/ime_preedit_rendering.md
/config/lua/config/index.html	/reference/config/	docs/config/lua/config/index.markdown	docs/reference/config/index.markdown
/config/lua/config/initial_cols.html	/reference/config/initial-cols/	docs/config/lua/config/initial_cols.md	docs/reference/config/initial_cols.md
/config/lua/config/initial_rows.html	/reference/config/initial-rows/	docs/config/lua/config/initial_rows.md	docs/reference/config/initial_rows.md
/config/lua/config/integrated_title_button_alignment.html	/reference/config/integrated-title-button-alignment/	docs/config/lua/config/integrated_title_button_alignment.md	docs/reference/config/integrated_title_button_alignment.md
/config/lua/config/integrated_title_button_color.html	/reference/config/integrated-title-button-color/	docs/config/lua/config/integrated_title_button_color.md	docs/reference/config/integrated_title_button_color.md
/config/lua/config/integrated_title_button_style.html	/reference/config/integrated-title-button-style/	docs/config/lua/config/integrated_title_button_style.md	docs/reference/config/integrated_title_button_style.md
/config/lua/config/integrated_title_buttons.html	/reference/config/integrated-title-buttons/	docs/config/lua/config/integrated_title_buttons.md	docs/reference/config/integrated_title_buttons.md
/config/lua/config/kde_window_background_blur.html	/reference/config/kde-window-background-blur/	docs/config/lua/config/kde_window_background_blur.md	docs/reference/config/kde_window_background_blur.md
/config/lua/config/key_map_preference.html	/reference/config/key-map-preference/	docs/config/lua/config/key_map_preference.md	docs/reference/config/key_map_preference.md
/config/lua/config/key_tables.html	/reference/config/key-tables/	docs/config/lua/config/key_tables.md	docs/reference/config/key_tables.md
/config/lua/config/launch_menu.html	/reference/config/launch-menu/	docs/config/lua/config/launch_menu.md	docs/reference/config/launch_menu.md
/config/lua/config/launcher_alphabet.html	/reference/config/launcher-alphabet/	docs/config/lua/config/launcher_alphabet.md	docs/reference/config/launcher_alphabet.md
/config/lua/config/line_height.html	/reference/config/line-height/	docs/config/lua/config/line_height.md	docs/reference/config/line_height.md
/config/lua/config/log_unknown_escape_sequences.html	/reference/config/log-unknown-escape-sequences/	docs/config/lua/config/log_unknown_escape_sequences.md	docs/reference/config/log_unknown_escape_sequences.md
/config/lua/config/macos_forward_to_ime_modifier_mask.html	/reference/config/macos-forward-to-ime-modifier-mask/	docs/config/lua/config/macos_forward_to_ime_modifier_mask.md	docs/reference/config/macos_forward_to_ime_modifier_mask.md
/config/lua/config/macos_fullscreen_extend_behind_notch.html	/reference/config/macos-fullscreen-extend-behind-notch/	docs/config/lua/config/macos_fullscreen_extend_behind_notch.md	docs/reference/config/macos_fullscreen_extend_behind_notch.md
/config/lua/config/macos_window_background_blur.html	/reference/config/macos-window-background-blur/	docs/config/lua/config/macos_window_background_blur.md	docs/reference/config/macos_window_background_blur.md
/config/lua/config/max_fps.html	/reference/config/max-fps/	docs/config/lua/config/max_fps.md	docs/reference/config/max_fps.md
/config/lua/config/min_scroll_bar_height.html	/reference/config/min-scroll-bar-height/	docs/config/lua/config/min_scroll_bar_height.md	docs/reference/config/min_scroll_bar_height.md
/config/lua/config/mouse_wheel_scrolls_tabs.html	/reference/config/mouse-wheel-scrolls-tabs/	docs/config/lua/config/mouse_wheel_scrolls_tabs.md	docs/reference/config/mouse_wheel_scrolls_tabs.md
/config/lua/config/mux_enable_ssh_agent.html	/reference/config/mux-enable-ssh-agent/	docs/config/lua/config/mux_enable_ssh_agent.md	docs/reference/config/mux_enable_ssh_agent.md
/config/lua/config/mux_env_remove.html	/reference/config/mux-env-remove/	docs/config/lua/config/mux_env_remove.md	docs/reference/config/mux_env_remove.md
/config/lua/config/native_macos_fullscreen_mode.html	/reference/config/native-macos-fullscreen-mode/	docs/config/lua/config/native_macos_fullscreen_mode.md	docs/reference/config/native_macos_fullscreen_mode.md
/config/lua/config/normalize_output_to_unicode_nfc.html	/reference/config/normalize-output-to-unicode-nfc/	docs/config/lua/config/normalize_output_to_unicode_nfc.md	docs/reference/config/normalize_output_to_unicode_nfc.md
/config/lua/config/notification_handling.html	/reference/config/notification-handling/	docs/config/lua/config/notification_handling.md	docs/reference/config/notification_handling.md
/config/lua/config/pane_focus_follows_mouse.html	/reference/config/pane-focus-follows-mouse/	docs/config/lua/config/pane_focus_follows_mouse.md	docs/reference/config/pane_focus_follows_mouse.md
/config/lua/config/pane_select_font.html	/reference/config/pane-select-font/	docs/config/lua/config/pane_select_font.md	docs/reference/config/pane_select_font.md
/config/lua/config/prefer_egl.html	/reference/config/prefer-egl/	docs/config/lua/config/prefer_egl.md	docs/reference/config/prefer_egl.md
/config/lua/config/prefer_to_spawn_tabs.html	/reference/config/prefer-to-spawn-tabs/	docs/config/lua/config/prefer_to_spawn_tabs.md	docs/reference/config/prefer_to_spawn_tabs.md
/config/lua/config/quick_select_alphabet.html	/reference/config/quick-select-alphabet/	docs/config/lua/config/quick_select_alphabet.md	docs/reference/config/quick_select_alphabet.md
/config/lua/config/quick_select_patterns.html	/reference/config/quick-select-patterns/	docs/config/lua/config/quick_select_patterns.md	docs/reference/config/quick_select_patterns.md
/config/lua/config/quick_select_remove_styling.html	/reference/config/quick-select-remove-styling/	docs/config/lua/config/quick_select_remove_styling.md	docs/reference/config/quick_select_remove_styling.md
/config/lua/config/quit_when_all_windows_are_closed.html	/reference/config/quit-when-all-windows-are-closed/	docs/config/lua/config/quit_when_all_windows_are_closed.md	docs/reference/config/quit_when_all_windows_are_closed.md
/config/lua/config/quote_dropped_files.html	/reference/config/quote-dropped-files/	docs/config/lua/config/quote_dropped_files.md	docs/reference/config/quote_dropped_files.md
/config/lua/config/reverse_video_cursor_min_contrast.html	/reference/config/reverse-video-cursor-min-contrast/	docs/config/lua/config/reverse_video_cursor_min_contrast.md	docs/reference/config/reverse_video_cursor_min_contrast.md
/config/lua/config/scroll_to_bottom_on_input.html	/reference/config/scroll-to-bottom-on-input/	docs/config/lua/config/scroll_to_bottom_on_input.md	docs/reference/config/scroll_to_bottom_on_input.md
/config/lua/config/scrollback_lines.html	/reference/config/scrollback-lines/	docs/config/lua/config/scrollback_lines.md	docs/reference/config/scrollback_lines.md
/config/lua/config/selection_word_boundary.html	/reference/config/selection-word-boundary/	docs/config/lua/config/selection_word_boundary.md	docs/reference/config/selection_word_boundary.md
/config/lua/config/serial_ports.html	/reference/config/serial-ports/	docs/config/lua/config/serial_ports.md	docs/reference/config/serial_ports.md
/config/lua/config/set_environment_variables.html	/reference/config/set-environment-variables/	docs/config/lua/config/set_environment_variables.md	docs/reference/config/set_environment_variables.md
/config/lua/config/show_close_tab_button_in_tabs.html	/reference/config/show-close-tab-button-in-tabs/	docs/config/lua/config/show_close_tab_button_in_tabs.md	docs/reference/config/show_close_tab_button_in_tabs.md
/config/lua/config/show_new_tab_button_in_tab_bar.html	/reference/config/show-new-tab-button-in-tab-bar/	docs/config/lua/config/show_new_tab_button_in_tab_bar.md	docs/reference/config/show_new_tab_button_in_tab_bar.md
/config/lua/config/show_tab_index_in_tab_bar.html	/reference/config/show-tab-index-in-tab-bar/	docs/config/lua/config/show_tab_index_in_tab_bar.md	docs/reference/config/show_tab_index_in_tab_bar.md
/config/lua/config/show_tabs_in_tab_bar.html	/reference/config/show-tabs-in-tab-bar/	docs/config/lua/config/show_tabs_in_tab_bar.md	docs/reference/config/show_tabs_in_tab_bar.md
/config/lua/config/show_update_window.html	/reference/config/show-update-window/	docs/config/lua/config/show_update_window.md	docs/reference/config/show_update_window.md
/config/lua/config/skip_close_confirmation_for_processes_named.html	/reference/config/skip-close-confirmation-for-processes-named/	docs/config/lua/config/skip_close_confirmation_for_processes_named.md	docs/reference/config/skip_close_confirmation_for_processes_named.md
/config/lua/config/ssh_backend.html	/reference/config/ssh-backend/	docs/config/lua/config/ssh_backend.md	docs/reference/config/ssh_backend.md
/config/lua/config/ssh_domains.html	/reference/config/ssh-domains/	docs/config/lua/config/ssh_domains.md	docs/reference/config/ssh_domains.md
/config/lua/config/status_update_interval.html	/reference/config/status-update-interval/	docs/config/lua/config/status_update_interval.md	docs/reference/config/status_update_interval.md
/config/lua/config/strikethrough_position.html	/reference/config/strikethrough-position/	docs/config/lua/config/strikethrough_position.md	docs/reference/config/strikethrough_position.md
/config/lua/config/swallow_mouse_click_on_pane_focus.html	/reference/config/swallow-mouse-click-on-pane-focus/	docs/config/lua/config/swallow_mouse_click_on_pane_focus.md	docs/reference/config/swallow_mouse_click_on_pane_focus.md
/config/lua/config/swallow_mouse_click_on_window_focus.html	/reference/config/swallow-mouse-click-on-window-focus/	docs/config/lua/config/swallow_mouse_click_on_window_focus.md	docs/reference/config/swallow_mouse_click_on_window_focus.md
/config/lua/config/swap_backspace_and_delete.html	/reference/config/swap-backspace-and-delete/	docs/config/lua/config/swap_backspace_and_delete.md	docs/reference/config/swap_backspace_and_delete.md
/config/lua/config/switch_to_last_active_tab_when_closing_tab.html	/reference/config/switch-to-last-active-tab-when-closing-tab/	docs/config/lua/config/switch_to_last_active_tab_when_closing_tab.md	docs/reference/config/switch_to_last_active_tab_when_closing_tab.md
/config/lua/config/tab_and_split_indices_are_zero_based.html	/reference/config/tab-and-split-indices-are-zero-based/	docs/config/lua/config/tab_and_split_indices_are_zero_based.md	docs/reference/config/tab_and_split_indices_are_zero_based.md
/config/lua/config/tab_bar_at_bottom.html	/reference/config/tab-bar-at-bottom/	docs/config/lua/config/tab_bar_at_bottom.md	docs/reference/config/tab_bar_at_bottom.md
/config/lua/config/tab_bar_color_intensity.html	/reference/config/tab-bar-color-intensity/	docs/config/lua/config/tab_bar_color_intensity.md	docs/reference/config/tab_bar_color_intensity.md
/config/lua/config/tab_bar_color_mode.html	/reference/config/tab-bar-color-mode/	docs/config/lua/config/tab_bar_color_mode.md	docs/reference/config/tab_bar_color_mode.md
/config/lua/config/tab_bar_color_palette.html	/reference/config/tab-bar-color-palette/	docs/config/lua/config/tab_bar_color_palette.md	docs/reference/config/tab_bar_color_palette.md
/config/lua/config/tab_bar_style.html	/reference/config/tab-bar-style/	docs/config/lua/config/tab_bar_style.md	docs/reference/config/tab_bar_style.md
/config/lua/config/tab_max_width.html	/reference/config/tab-max-width/	docs/config/lua/config/tab_max_width.md	docs/reference/config/tab_max_width.md
/config/lua/config/term.html	/reference/config/term/	docs/config/lua/config/term.md	docs/reference/config/term.md
/config/lua/config/text_blink_ease_in.html	/reference/config/text-blink-ease-in/	docs/config/lua/config/text_blink_ease_in.md	docs/reference/config/text_blink_ease_in.md
/config/lua/config/text_blink_ease_out.html	/reference/config/text-blink-ease-out/	docs/config/lua/config/text_blink_ease_out.md	docs/reference/config/text_blink_ease_out.md
/config/lua/config/text_blink_rapid_ease_in.html	/reference/config/text-blink-rapid-ease-in/	docs/config/lua/config/text_blink_rapid_ease_in.md	docs/reference/config/text_blink_rapid_ease_in.md
/config/lua/config/text_blink_rapid_ease_out.html	/reference/config/text-blink-rapid-ease-out/	docs/config/lua/config/text_blink_rapid_ease_out.md	docs/reference/config/text_blink_rapid_ease_out.md
/config/lua/config/text_blink_rate.html	/reference/config/text-blink-rate/	docs/config/lua/config/text_blink_rate.md	docs/reference/config/text_blink_rate.md
/config/lua/config/text_blink_rate_rapid.html	/reference/config/text-blink-rate-rapid/	docs/config/lua/config/text_blink_rate_rapid.md	docs/reference/config/text_blink_rate_rapid.md
/config/lua/config/text_min_contrast_ratio.html	/reference/config/text-min-contrast-ratio/	docs/config/lua/config/text_min_contrast_ratio.md	docs/reference/config/text_min_contrast_ratio.md
/config/lua/config/tiling_desktop_environments.html	/reference/config/tiling-desktop-environments/	docs/config/lua/config/tiling_desktop_environments.md	docs/reference/config/tiling_desktop_environments.md
/config/lua/config/tls_clients.html	/reference/config/tls-clients/	docs/config/lua/config/tls_clients.md	docs/reference/config/tls_clients.md
/config/lua/config/tls_servers.html	/reference/config/tls-servers/	docs/config/lua/config/tls_servers.md	docs/reference/config/tls_servers.md
/config/lua/config/treat_east_asian_ambiguous_width_as_wide.html	/reference/config/treat-east-asian-ambiguous-width-as-wide/	docs/config/lua/config/treat_east_asian_ambiguous_width_as_wide.md	docs/reference/config/treat_east_asian_ambiguous_width_as_wide.md
/config/lua/config/treat_left_ctrlalt_as_altgr.html	/reference/config/treat-left-ctrlalt-as-altgr/	docs/config/lua/config/treat_left_ctrlalt_as_altgr.md	docs/reference/config/treat_left_ctrlalt_as_altgr.md
/config/lua/config/ui_key_cap_rendering.html	/reference/config/ui-key-cap-rendering/	docs/config/lua/config/ui_key_cap_rendering.md	docs/reference/config/ui_key_cap_rendering.md
/config/lua/config/ulimit_nofile.html	/reference/config/ulimit-nofile/	docs/config/lua/config/ulimit_nofile.md	docs/reference/config/ulimit_nofile.md
/config/lua/config/ulimit_nproc.html	/reference/config/ulimit-nproc/	docs/config/lua/config/ulimit_nproc.md	docs/reference/config/ulimit_nproc.md
/config/lua/config/underline_position.html	/reference/config/underline-position/	docs/config/lua/config/underline_position.md	docs/reference/config/underline_position.md
/config/lua/config/underline_thickness.html	/reference/config/underline-thickness/	docs/config/lua/config/underline_thickness.md	docs/reference/config/underline_thickness.md
/config/lua/config/unicode_version.html	/reference/config/unicode-version/	docs/config/lua/config/unicode_version.md	docs/reference/config/unicode_version.md
/config/lua/config/unix_domains.html	/reference/config/unix-domains/	docs/config/lua/config/unix_domains.md	docs/reference/config/unix_domains.md
/config/lua/config/unzoom_on_switch_pane.html	/reference/config/unzoom-on-switch-pane/	docs/config/lua/config/unzoom_on_switch_pane.md	docs/reference/config/unzoom_on_switch_pane.md
/config/lua/config/use_cap_height_to_scale_fallback_fonts.html	/reference/config/use-cap-height-to-scale-fallback-fonts/	docs/config/lua/config/use_cap_height_to_scale_fallback_fonts.md	docs/reference/config/use_cap_height_to_scale_fallback_fonts.md
/config/lua/config/use_fancy_tab_bar.html	/reference/config/use-fancy-tab-bar/	docs/config/lua/config/use_fancy_tab_bar.md	docs/reference/config/use_fancy_tab_bar.md
/config/lua/config/use_ime.html	/reference/config/use-ime/	docs/config/lua/config/use_ime.md	docs/reference/config/use_ime.md
/config/lua/config/use_resize_increments.html	/reference/config/use-resize-increments/	docs/config/lua/config/use_resize_increments.md	docs/reference/config/use_resize_increments.md
/config/lua/config/visual_bell.html	/reference/config/visual-bell/	docs/config/lua/config/visual_bell.md	docs/reference/config/visual_bell.md
/config/lua/config/warn_about_missing_glyphs.html	/reference/config/warn-about-missing-glyphs/	docs/config/lua/config/warn_about_missing_glyphs.md	docs/reference/config/warn_about_missing_glyphs.md
/config/lua/config/webgpu_force_fallback_adapter.html	/reference/config/webgpu-force-fallback-adapter/	docs/config/lua/config/webgpu_force_fallback_adapter.md	docs/reference/config/webgpu_force_fallback_adapter.md
/config/lua/config/webgpu_power_preference.html	/reference/config/webgpu-power-preference/	docs/config/lua/config/webgpu_power_preference.md	docs/reference/config/webgpu_power_preference.md
/config/lua/config/webgpu_preferred_adapter.html	/reference/config/webgpu-preferred-adapter/	docs/config/lua/config/webgpu_preferred_adapter.md	docs/reference/config/webgpu_preferred_adapter.md
/config/lua/config/win32_acrylic_accent_color.html	/reference/config/win32-acrylic-accent-color/	docs/config/lua/config/win32_acrylic_accent_color.md	docs/reference/config/win32_acrylic_accent_color.md
/config/lua/config/win32_system_backdrop.html	/reference/config/win32-system-backdrop/	docs/config/lua/config/win32_system_backdrop.md	docs/reference/config/win32_system_backdrop.md
/config/lua/config/window_background_gradient.html	/reference/config/window-background-gradient/	docs/config/lua/config/window_background_gradient.md	docs/reference/config/window_background_gradient.md
/config/lua/config/window_close_confirmation.html	/reference/config/window-close-confirmation/	docs/config/lua/config/window_close_confirmation.md	docs/reference/config/window_close_confirmation.md
/config/lua/config/window_content_alignment.html	/reference/config/window-content-alignment/	docs/config/lua/config/window_content_alignment.md	docs/reference/config/window_content_alignment.md
/config/lua/config/window_decorations.html	/reference/config/window-decorations/	docs/config/lua/config/window_decorations.md	docs/reference/config/window_decorations.md
/config/lua/config/window_frame.html	/reference/config/window-frame/	docs/config/lua/config/window_frame.md	docs/reference/config/window_frame.md
/config/lua/config/window_padding.html	/reference/config/window-padding/	docs/config/lua/config/window_padding.md	docs/reference/config/window_padding.md
/config/lua/config/wsl_domains.html	/reference/config/wsl-domains/	docs/config/lua/config/wsl_domains.md	docs/reference/config/wsl_domains.md
/config/lua/config/xim_im_name.html	/reference/config/xim-im-name/	docs/config/lua/config/xim_im_name.md	docs/reference/config/xim_im_name.md
/config/lua/ExecDomain.html	/reference/lua/execdomain/	docs/config/lua/ExecDomain.md	docs/reference/lua/ExecDomain.md
/config/lua/general.html	/reference/configuration/	docs/config/lua/general.md	docs/reference/configuration.md
/config/lua/gui-events/gui-attached.html	/reference/lua/gui-events/gui-attached/	docs/config/lua/gui-events/gui-attached.md	docs/reference/lua/gui-events/gui-attached.md
/config/lua/gui-events/gui-startup.html	/reference/lua/gui-events/gui-startup/	docs/config/lua/gui-events/gui-startup.md	docs/reference/lua/gui-events/gui-startup.md
/config/lua/gui-events/index.html	/reference/lua/gui-events/	docs/config/lua/gui-events/index.markdown	docs/reference/lua/gui-events/index.markdown
/config/lua/keyassignment/ActivateCommandPalette.html	/reference/lua/keyassignment/activatecommandpalette/	docs/config/lua/keyassignment/ActivateCommandPalette.md	docs/reference/lua/keyassignment/ActivateCommandPalette.md
/config/lua/keyassignment/ActivateCopyMode.html	/reference/lua/keyassignment/activatecopymode/	docs/config/lua/keyassignment/ActivateCopyMode.md	docs/reference/lua/keyassignment/ActivateCopyMode.md
/config/lua/keyassignment/ActivateKeyTable.html	/reference/lua/keyassignment/activatekeytable/	docs/config/lua/keyassignment/ActivateKeyTable.md	docs/reference/lua/keyassignment/ActivateKeyTable.md
/config/lua/keyassignment/ActivateLastTab.html	/reference/lua/keyassignment/activatelasttab/	docs/config/lua/keyassignment/ActivateLastTab.md	docs/reference/lua/keyassignment/ActivateLastTab.md
/config/lua/keyassignment/ActivateNextTabNeedingAttention.html	/reference/lua/keyassignment/activatenexttabneedingattention/	docs/config/lua/keyassignment/ActivateNextTabNeedingAttention.md	docs/reference/lua/keyassignment/ActivateNextTabNeedingAttention.md
/config/lua/keyassignment/ActivatePaneByIndex.html	/reference/lua/keyassignment/activatepanebyindex/	docs/config/lua/keyassignment/ActivatePaneByIndex.md	docs/reference/lua/keyassignment/ActivatePaneByIndex.md
/config/lua/keyassignment/ActivatePaneDirection.html	/reference/lua/keyassignment/activatepanedirection/	docs/config/lua/keyassignment/ActivatePaneDirection.md	docs/reference/lua/keyassignment/ActivatePaneDirection.md
/config/lua/keyassignment/ActivateTab.html	/reference/lua/keyassignment/activatetab/	docs/config/lua/keyassignment/ActivateTab.md	docs/reference/lua/keyassignment/ActivateTab.md
/config/lua/keyassignment/ActivateTabRelative.html	/reference/lua/keyassignment/activatetabrelative/	docs/config/lua/keyassignment/ActivateTabRelative.md	docs/reference/lua/keyassignment/ActivateTabRelative.md
/config/lua/keyassignment/ActivateTabRelativeNoWrap.html	/reference/lua/keyassignment/activatetabrelativenowrap/	docs/config/lua/keyassignment/ActivateTabRelativeNoWrap.md	docs/reference/lua/keyassignment/ActivateTabRelativeNoWrap.md
/config/lua/keyassignment/ActivateWindow.html	/reference/lua/keyassignment/activatewindow/	docs/config/lua/keyassignment/ActivateWindow.md	docs/reference/lua/keyassignment/ActivateWindow.md
/config/lua/keyassignment/ActivateWindowRelative.html	/reference/lua/keyassignment/activatewindowrelative/	docs/config/lua/keyassignment/ActivateWindowRelative.md	docs/reference/lua/keyassignment/ActivateWindowRelative.md
/config/lua/keyassignment/ActivateWindowRelativeNoWrap.html	/reference/lua/keyassignment/activatewindowrelativenowrap/	docs/config/lua/keyassignment/ActivateWindowRelativeNoWrap.md	docs/reference/lua/keyassignment/ActivateWindowRelativeNoWrap.md
/config/lua/keyassignment/AdjustPaneSize.html	/reference/lua/keyassignment/adjustpanesize/	docs/config/lua/keyassignment/AdjustPaneSize.md	docs/reference/lua/keyassignment/AdjustPaneSize.md
/config/lua/keyassignment/AttachDomain.html	/reference/lua/keyassignment/attachdomain/	docs/config/lua/keyassignment/AttachDomain.md	docs/reference/lua/keyassignment/AttachDomain.md
/config/lua/keyassignment/CharSelect.html	/reference/lua/keyassignment/charselect/	docs/config/lua/keyassignment/CharSelect.md	docs/reference/lua/keyassignment/CharSelect.md
/config/lua/keyassignment/ClearKeyTableStack.html	/reference/lua/keyassignment/clearkeytablestack/	docs/config/lua/keyassignment/ClearKeyTableStack.md	docs/reference/lua/keyassignment/ClearKeyTableStack.md
/config/lua/keyassignment/ClearScrollback.html	/reference/lua/keyassignment/clearscrollback/	docs/config/lua/keyassignment/ClearScrollback.md	docs/reference/lua/keyassignment/ClearScrollback.md
/config/lua/keyassignment/ClearSelection.html	/reference/lua/keyassignment/clearselection/	docs/config/lua/keyassignment/ClearSelection.md	docs/reference/lua/keyassignment/ClearSelection.md
/config/lua/keyassignment/CloseCurrentPane.html	/reference/lua/keyassignment/closecurrentpane/	docs/config/lua/keyassignment/CloseCurrentPane.md	docs/reference/lua/keyassignment/CloseCurrentPane.md
/config/lua/keyassignment/CloseCurrentTab.html	/reference/lua/keyassignment/closecurrenttab/	docs/config/lua/keyassignment/CloseCurrentTab.md	docs/reference/lua/keyassignment/CloseCurrentTab.md
/config/lua/keyassignment/CompleteSelection.html	/reference/lua/keyassignment/completeselection/	docs/config/lua/keyassignment/CompleteSelection.md	docs/reference/lua/keyassignment/CompleteSelection.md
/config/lua/keyassignment/CompleteSelectionOrOpenLinkAtMouseCursor.html	/reference/lua/keyassignment/completeselectionoropenlinkatmousecursor/	docs/config/lua/keyassignment/CompleteSelectionOrOpenLinkAtMouseCursor.md	docs/reference/lua/keyassignment/CompleteSelectionOrOpenLinkAtMouseCursor.md
/config/lua/keyassignment/Confirmation.html	/reference/lua/keyassignment/confirmation/	docs/config/lua/keyassignment/Confirmation.md	docs/reference/lua/keyassignment/Confirmation.md
/config/lua/keyassignment/Copy.html	/reference/lua/keyassignment/copy/	docs/config/lua/keyassignment/Copy.md	docs/reference/lua/keyassignment/Copy.md
/config/lua/keyassignment/CopyMode/AcceptPattern.html	/reference/lua/keyassignment/CopyMode/acceptpattern/	docs/config/lua/keyassignment/CopyMode/AcceptPattern.md	docs/reference/lua/keyassignment/CopyMode/AcceptPattern.md
/config/lua/keyassignment/CopyMode/ClearPattern.html	/reference/lua/keyassignment/CopyMode/clearpattern/	docs/config/lua/keyassignment/CopyMode/ClearPattern.md	docs/reference/lua/keyassignment/CopyMode/ClearPattern.md
/config/lua/keyassignment/CopyMode/ClearSelectionMode.html	/reference/lua/keyassignment/CopyMode/clearselectionmode/	docs/config/lua/keyassignment/CopyMode/ClearSelectionMode.md	docs/reference/lua/keyassignment/CopyMode/ClearSelectionMode.md
/config/lua/keyassignment/CopyMode/Close.html	/reference/lua/keyassignment/CopyMode/close/	docs/config/lua/keyassignment/CopyMode/Close.md	docs/reference/lua/keyassignment/CopyMode/Close.md
/config/lua/keyassignment/CopyMode/CycleMatchType.html	/reference/lua/keyassignment/CopyMode/cyclematchtype/	docs/config/lua/keyassignment/CopyMode/CycleMatchType.md	docs/reference/lua/keyassignment/CopyMode/CycleMatchType.md
/config/lua/keyassignment/CopyMode/EditPattern.html	/reference/lua/keyassignment/CopyMode/editpattern/	docs/config/lua/keyassignment/CopyMode/EditPattern.md	docs/reference/lua/keyassignment/CopyMode/EditPattern.md
/config/lua/keyassignment/CopyMode/index.html	/reference/lua/keyassignment/CopyMode/	docs/config/lua/keyassignment/CopyMode/index.markdown	docs/reference/lua/keyassignment/CopyMode/index.markdown
/config/lua/keyassignment/CopyMode/MoveBackwardSemanticZone.html	/reference/lua/keyassignment/CopyMode/movebackwardsemanticzone/	docs/config/lua/keyassignment/CopyMode/MoveBackwardSemanticZone.md	docs/reference/lua/keyassignment/CopyMode/MoveBackwardSemanticZone.md
/config/lua/keyassignment/CopyMode/MoveBackwardSemanticZoneOfType.html	/reference/lua/keyassignment/CopyMode/movebackwardsemanticzoneoftype/	docs/config/lua/keyassignment/CopyMode/MoveBackwardSemanticZoneOfType.md	docs/reference/lua/keyassignment/CopyMode/MoveBackwardSemanticZoneOfType.md
/config/lua/keyassignment/CopyMode/MoveBackwardWord.html	/reference/lua/keyassignment/CopyMode/movebackwardword/	docs/config/lua/keyassignment/CopyMode/MoveBackwardWord.md	docs/reference/lua/keyassignment/CopyMode/MoveBackwardWord.md
/config/lua/keyassignment/CopyMode/MoveDown.html	/reference/lua/keyassignment/CopyMode/movedown/	docs/config/lua/keyassignment/CopyMode/MoveDown.md	docs/reference/lua/keyassignment/CopyMode/MoveDown.md
/config/lua/keyassignment/CopyMode/MoveForwardSemanticZone.html	/reference/lua/keyassignment/CopyMode/moveforwardsemanticzone/	docs/config/lua/keyassignment/CopyMode/MoveForwardSemanticZone.md	docs/reference/lua/keyassignment/CopyMode/MoveForwardSemanticZone.md
/config/lua/keyassignment/CopyMode/MoveForwardSemanticZoneOfType.html	/reference/lua/keyassignment/CopyMode/moveforwardsemanticzoneoftype/	docs/config/lua/keyassignment/CopyMode/MoveForwardSemanticZoneOfType.md	docs/reference/lua/keyassignment/CopyMode/MoveForwardSemanticZoneOfType.md
/config/lua/keyassignment/CopyMode/MoveForwardWord.html	/reference/lua/keyassignment/CopyMode/moveforwardword/	docs/config/lua/keyassignment/CopyMode/MoveForwardWord.md	docs/reference/lua/keyassignment/CopyMode/MoveForwardWord.md
/config/lua/keyassignment/CopyMode/MoveForwardWordEnd.html	/reference/lua/keyassignment/CopyMode/moveforwardwordend/	docs/config/lua/keyassignment/CopyMode/MoveForwardWordEnd.md	docs/reference/lua/keyassignment/CopyMode/MoveForwardWordEnd.md
/config/lua/keyassignment/CopyMode/MoveLeft.html	/reference/lua/keyassignment/CopyMode/moveleft/	docs/config/lua/keyassignment/CopyMode/MoveLeft.md	docs/reference/lua/keyassignment/CopyMode/MoveLeft.md
/config/lua/keyassignment/CopyMode/MoveRight.html	/reference/lua/keyassignment/CopyMode/moveright/	docs/config/lua/keyassignment/CopyMode/MoveRight.md	docs/reference/lua/keyassignment/CopyMode/MoveRight.md
/config/lua/keyassignment/CopyMode/MoveToEndOfLineContent.html	/reference/lua/keyassignment/CopyMode/movetoendoflinecontent/	docs/config/lua/keyassignment/CopyMode/MoveToEndOfLineContent.md	docs/reference/lua/keyassignment/CopyMode/MoveToEndOfLineContent.md
/config/lua/keyassignment/CopyMode/MoveToScrollbackBottom.html	/reference/lua/keyassignment/CopyMode/movetoscrollbackbottom/	docs/config/lua/keyassignment/CopyMode/MoveToScrollbackBottom.md	docs/reference/lua/keyassignment/CopyMode/MoveToScrollbackBottom.md
/config/lua/keyassignment/CopyMode/MoveToScrollbackTop.html	/reference/lua/keyassignment/CopyMode/movetoscrollbacktop/	docs/config/lua/keyassignment/CopyMode/MoveToScrollbackTop.md	docs/reference/lua/keyassignment/CopyMode/MoveToScrollbackTop.md
/config/lua/keyassignment/CopyMode/MoveToSelectionOtherEnd.html	/reference/lua/keyassignment/CopyMode/movetoselectionotherend/	docs/config/lua/keyassignment/CopyMode/MoveToSelectionOtherEnd.md	docs/reference/lua/keyassignment/CopyMode/MoveToSelectionOtherEnd.md
/config/lua/keyassignment/CopyMode/MoveToSelectionOtherEndHoriz.html	/reference/lua/keyassignment/CopyMode/movetoselectionotherendhoriz/	docs/config/lua/keyassignment/CopyMode/MoveToSelectionOtherEndHoriz.md	docs/reference/lua/keyassignment/CopyMode/MoveToSelectionOtherEndHoriz.md
/config/lua/keyassignment/CopyMode/MoveToStartOfLine.html	/reference/lua/keyassignment/CopyMode/movetostartofline/	docs/config/lua/keyassignment/CopyMode/MoveToStartOfLine.md	docs/reference/lua/keyassignment/CopyMode/MoveToStartOfLine.md
/config/lua/keyassignment/CopyMode/MoveToStartOfLineContent.html	/reference/lua/keyassignment/CopyMode/movetostartoflinecontent/	docs/config/lua/keyassignment/CopyMode/MoveToStartOfLineContent.md	docs/reference/lua/keyassignment/CopyMode/MoveToStartOfLineContent.md
/config/lua/keyassignment/CopyMode/MoveToStartOfNextLine.html	/reference/lua/keyassignment/CopyMode/movetostartofnextline/	docs/config/lua/keyassignment/CopyMode/MoveToStartOfNextLine.md	docs/reference/lua/keyassignment/CopyMode/MoveToStartOfNextLine.md
/config/lua/keyassignment/CopyMode/MoveToViewportBottom.html	/reference/lua/keyassignment/CopyMode/movetoviewportbottom/	docs/config/lua/keyassignment/CopyMode/MoveToViewportBottom.md	docs/reference/lua/keyassignment/CopyMode/MoveToViewportBottom.md
/config/lua/keyassignment/CopyMode/MoveToViewportMiddle.html	/reference/lua/keyassignment/CopyMode/movetoviewportmiddle/	docs/config/lua/keyassignment/CopyMode/MoveToViewportMiddle.md	docs/reference/lua/keyassignment/CopyMode/MoveToViewportMiddle.md
/config/lua/keyassignment/CopyMode/MoveToViewportTop.html	/reference/lua/keyassignment/CopyMode/movetoviewporttop/	docs/config/lua/keyassignment/CopyMode/MoveToViewportTop.md	docs/reference/lua/keyassignment/CopyMode/MoveToViewportTop.md
/config/lua/keyassignment/CopyMode/MoveUp.html	/reference/lua/keyassignment/CopyMode/moveup/	docs/config/lua/keyassignment/CopyMode/MoveUp.md	docs/reference/lua/keyassignment/CopyMode/MoveUp.md
/config/lua/keyassignment/CopyMode/NextMatch.html	/reference/lua/keyassignment/CopyMode/nextmatch/	docs/config/lua/keyassignment/CopyMode/NextMatch.md	docs/reference/lua/keyassignment/CopyMode/NextMatch.md
/config/lua/keyassignment/CopyMode/NextMatchPage.html	/reference/lua/keyassignment/CopyMode/nextmatchpage/	docs/config/lua/keyassignment/CopyMode/NextMatchPage.md	docs/reference/lua/keyassignment/CopyMode/NextMatchPage.md
/config/lua/keyassignment/CopyMode/PriorMatch.html	/reference/lua/keyassignment/CopyMode/priormatch/	docs/config/lua/keyassignment/CopyMode/PriorMatch.md	docs/reference/lua/keyassignment/CopyMode/PriorMatch.md
/config/lua/keyassignment/CopyMode/PriorMatchPage.html	/reference/lua/keyassignment/CopyMode/priormatchpage/	docs/config/lua/keyassignment/CopyMode/PriorMatchPage.md	docs/reference/lua/keyassignment/CopyMode/PriorMatchPage.md
/config/lua/keyassignment/CopyMode/SetSelectionMode.html	/reference/lua/keyassignment/CopyMode/setselectionmode/	docs/config/lua/keyassignment/CopyMode/SetSelectionMode.md	docs/reference/lua/keyassignment/CopyMode/SetSelectionMode.md
/config/lua/keyassignment/CopyTo.html	/reference/lua/keyassignment/copyto/	docs/config/lua/keyassignment/CopyTo.md	docs/reference/lua/keyassignment/CopyTo.md
/config/lua/keyassignment/DecreaseFontSize.html	/reference/lua/keyassignment/decreasefontsize/	docs/config/lua/keyassignment/DecreaseFontSize.md	docs/reference/lua/keyassignment/DecreaseFontSize.md
/config/lua/keyassignment/DetachDomain.html	/reference/lua/keyassignment/detachdomain/	docs/config/lua/keyassignment/DetachDomain.md	docs/reference/lua/keyassignment/DetachDomain.md
/config/lua/keyassignment/DisableDefaultAssignment.html	/reference/lua/keyassignment/disabledefaultassignment/	docs/config/lua/keyassignment/DisableDefaultAssignment.md	docs/reference/lua/keyassignment/DisableDefaultAssignment.md
/config/lua/keyassignment/EmitEvent.html	/reference/lua/keyassignment/emitevent/	docs/config/lua/keyassignment/EmitEvent.md	docs/reference/lua/keyassignment/EmitEvent.md
/config/lua/keyassignment/ExtendSelectionToMouseCursor.html	/reference/lua/keyassignment/extendselectiontomousecursor/	docs/config/lua/keyassignment/ExtendSelectionToMouseCursor.md	docs/reference/lua/keyassignment/ExtendSelectionToMouseCursor.md
/config/lua/keyassignment/Hide.html	/reference/lua/keyassignment/hide/	docs/config/lua/keyassignment/Hide.md	docs/reference/lua/keyassignment/Hide.md
/config/lua/keyassignment/HideApplication.html	/reference/lua/keyassignment/hideapplication/	docs/config/lua/keyassignment/HideApplication.md	docs/reference/lua/keyassignment/HideApplication.md
/config/lua/keyassignment/IncreaseFontSize.html	/reference/lua/keyassignment/increasefontsize/	docs/config/lua/keyassignment/IncreaseFontSize.md	docs/reference/lua/keyassignment/IncreaseFontSize.md
/config/lua/keyassignment/index.html	/reference/lua/keyassignment/	docs/config/lua/keyassignment/index.markdown	docs/reference/lua/keyassignment/index.markdown
/config/lua/keyassignment/index.html	/reference/lua/keyassignment/	docs/config/lua/keyassignment/index.md	docs/reference/lua/keyassignment/index.md
/config/lua/keyassignment/InputSelector.html	/reference/lua/keyassignment/inputselector/	docs/config/lua/keyassignment/InputSelector.md	docs/reference/lua/keyassignment/InputSelector.md
/config/lua/keyassignment/MoveTab.html	/reference/lua/keyassignment/movetab/	docs/config/lua/keyassignment/MoveTab.md	docs/reference/lua/keyassignment/MoveTab.md
/config/lua/keyassignment/MoveTabRelative.html	/reference/lua/keyassignment/movetabrelative/	docs/config/lua/keyassignment/MoveTabRelative.md	docs/reference/lua/keyassignment/MoveTabRelative.md
/config/lua/keyassignment/Multiple.html	/reference/lua/keyassignment/multiple/	docs/config/lua/keyassignment/Multiple.md	docs/reference/lua/keyassignment/Multiple.md
/config/lua/keyassignment/Nop.html	/reference/lua/keyassignment/nop/	docs/config/lua/keyassignment/Nop.md	docs/reference/lua/keyassignment/Nop.md
/config/lua/keyassignment/OpenLinkAtMouseCursor.html	/reference/lua/keyassignment/openlinkatmousecursor/	docs/config/lua/keyassignment/OpenLinkAtMouseCursor.md	docs/reference/lua/keyassignment/OpenLinkAtMouseCursor.md
/config/lua/keyassignment/PaneSelect.html	/reference/lua/keyassignment/paneselect/	docs/config/lua/keyassignment/PaneSelect.md	docs/reference/lua/keyassignment/PaneSelect.md
/config/lua/keyassignment/ParkCurrentTab.html	/reference/lua/keyassignment/parkcurrenttab/	docs/config/lua/keyassignment/ParkCurrentTab.md	docs/reference/lua/keyassignment/ParkCurrentTab.md
/config/lua/keyassignment/Paste.html	/reference/lua/keyassignment/paste/	docs/config/lua/keyassignment/Paste.md	docs/reference/lua/keyassignment/Paste.md
/config/lua/keyassignment/PasteFrom.html	/reference/lua/keyassignment/pastefrom/	docs/config/lua/keyassignment/PasteFrom.md	docs/reference/lua/keyassignment/PasteFrom.md
/config/lua/keyassignment/PastePrimarySelection.html	/reference/lua/keyassignment/pasteprimaryselection/	docs/config/lua/keyassignment/PastePrimarySelection.md	docs/reference/lua/keyassignment/PastePrimarySelection.md
/config/lua/keyassignment/PopKeyTable.html	/reference/lua/keyassignment/popkeytable/	docs/config/lua/keyassignment/PopKeyTable.md	docs/reference/lua/keyassignment/PopKeyTable.md
/config/lua/keyassignment/PromptInputLine.html	/reference/lua/keyassignment/promptinputline/	docs/config/lua/keyassignment/PromptInputLine.md	docs/reference/lua/keyassignment/PromptInputLine.md
/config/lua/keyassignment/PromptRenameTab.html	/reference/lua/keyassignment/promptrenametab/	docs/config/lua/keyassignment/PromptRenameTab.md	docs/reference/lua/keyassignment/PromptRenameTab.md
/config/lua/keyassignment/QuickSelect.html	/reference/lua/keyassignment/quickselect/	docs/config/lua/keyassignment/QuickSelect.md	docs/reference/lua/keyassignment/QuickSelect.md
/config/lua/keyassignment/QuickSelectArgs.html	/reference/lua/keyassignment/quickselectargs/	docs/config/lua/keyassignment/QuickSelectArgs.md	docs/reference/lua/keyassignment/QuickSelectArgs.md
/config/lua/keyassignment/QuitApplication.html	/reference/lua/keyassignment/quitapplication/	docs/config/lua/keyassignment/QuitApplication.md	docs/reference/lua/keyassignment/QuitApplication.md
/config/lua/keyassignment/ReloadConfiguration.html	/reference/lua/keyassignment/reloadconfiguration/	docs/config/lua/keyassignment/ReloadConfiguration.md	docs/reference/lua/keyassignment/ReloadConfiguration.md
/config/lua/keyassignment/ResetFontAndWindowSize.html	/reference/lua/keyassignment/resetfontandwindowsize/	docs/config/lua/keyassignment/ResetFontAndWindowSize.md	docs/reference/lua/keyassignment/ResetFontAndWindowSize.md
/config/lua/keyassignment/ResetFontSize.html	/reference/lua/keyassignment/resetfontsize/	docs/config/lua/keyassignment/ResetFontSize.md	docs/reference/lua/keyassignment/ResetFontSize.md
/config/lua/keyassignment/ResetTerminal.html	/reference/lua/keyassignment/resetterminal/	docs/config/lua/keyassignment/ResetTerminal.md	docs/reference/lua/keyassignment/ResetTerminal.md
/config/lua/keyassignment/RotatePanes.html	/reference/lua/keyassignment/rotatepanes/	docs/config/lua/keyassignment/RotatePanes.md	docs/reference/lua/keyassignment/RotatePanes.md
/config/lua/keyassignment/ScrollByCurrentEventWheelDelta.html	/reference/lua/keyassignment/scrollbycurrenteventwheeldelta/	docs/config/lua/keyassignment/ScrollByCurrentEventWheelDelta.md	docs/reference/lua/keyassignment/ScrollByCurrentEventWheelDelta.md
/config/lua/keyassignment/ScrollByLine.html	/reference/lua/keyassignment/scrollbyline/	docs/config/lua/keyassignment/ScrollByLine.md	docs/reference/lua/keyassignment/ScrollByLine.md
/config/lua/keyassignment/ScrollByPage.html	/reference/lua/keyassignment/scrollbypage/	docs/config/lua/keyassignment/ScrollByPage.md	docs/reference/lua/keyassignment/ScrollByPage.md
/config/lua/keyassignment/ScrollToBottom.html	/reference/lua/keyassignment/scrolltobottom/	docs/config/lua/keyassignment/ScrollToBottom.md	docs/reference/lua/keyassignment/ScrollToBottom.md
/config/lua/keyassignment/ScrollToPrompt.html	/reference/lua/keyassignment/scrolltoprompt/	docs/config/lua/keyassignment/ScrollToPrompt.md	docs/reference/lua/keyassignment/ScrollToPrompt.md
/config/lua/keyassignment/ScrollToTop.html	/reference/lua/keyassignment/scrolltotop/	docs/config/lua/keyassignment/ScrollToTop.md	docs/reference/lua/keyassignment/ScrollToTop.md
/config/lua/keyassignment/Search.html	/reference/lua/keyassignment/search/	docs/config/lua/keyassignment/Search.md	docs/reference/lua/keyassignment/Search.md
/config/lua/keyassignment/SelectTextAtMouseCursor.html	/reference/lua/keyassignment/selecttextatmousecursor/	docs/config/lua/keyassignment/SelectTextAtMouseCursor.md	docs/reference/lua/keyassignment/SelectTextAtMouseCursor.md
/config/lua/keyassignment/SendKey.html	/reference/lua/keyassignment/sendkey/	docs/config/lua/keyassignment/SendKey.md	docs/reference/lua/keyassignment/SendKey.md
/config/lua/keyassignment/SendString.html	/reference/lua/keyassignment/sendstring/	docs/config/lua/keyassignment/SendString.md	docs/reference/lua/keyassignment/SendString.md
/config/lua/keyassignment/SetPaneZoomState.html	/reference/lua/keyassignment/setpanezoomstate/	docs/config/lua/keyassignment/SetPaneZoomState.md	docs/reference/lua/keyassignment/SetPaneZoomState.md
/config/lua/keyassignment/SetWindowLevel.html	/reference/lua/keyassignment/setwindowlevel/	docs/config/lua/keyassignment/SetWindowLevel.md	docs/reference/lua/keyassignment/SetWindowLevel.md
/config/lua/keyassignment/Show.html	/reference/lua/keyassignment/show/	docs/config/lua/keyassignment/Show.md	docs/reference/lua/keyassignment/Show.md
/config/lua/keyassignment/ShowDebugOverlay.html	/reference/lua/keyassignment/showdebugoverlay/	docs/config/lua/keyassignment/ShowDebugOverlay.md	docs/reference/lua/keyassignment/ShowDebugOverlay.md
/config/lua/keyassignment/ShowLauncher.html	/reference/lua/keyassignment/showlauncher/	docs/config/lua/keyassignment/ShowLauncher.md	docs/reference/lua/keyassignment/ShowLauncher.md
/config/lua/keyassignment/ShowLauncherArgs.html	/reference/lua/keyassignment/showlauncherargs/	docs/config/lua/keyassignment/ShowLauncherArgs.md	docs/reference/lua/keyassignment/ShowLauncherArgs.md
/config/lua/keyassignment/ShowTabNavigator.html	/reference/lua/keyassignment/showtabnavigator/	docs/config/lua/keyassignment/ShowTabNavigator.md	docs/reference/lua/keyassignment/ShowTabNavigator.md
/config/lua/keyassignment/SpawnCommandInNewTab.html	/reference/lua/keyassignment/spawncommandinnewtab/	docs/config/lua/keyassignment/SpawnCommandInNewTab.md	docs/reference/lua/keyassignment/SpawnCommandInNewTab.md
/config/lua/keyassignment/SpawnCommandInNewWindow.html	/reference/lua/keyassignment/spawncommandinnewwindow/	docs/config/lua/keyassignment/SpawnCommandInNewWindow.md	docs/reference/lua/keyassignment/SpawnCommandInNewWindow.md
/config/lua/keyassignment/SpawnTab.html	/reference/lua/keyassignment/spawntab/	docs/config/lua/keyassignment/SpawnTab.md	docs/reference/lua/keyassignment/SpawnTab.md
/config/lua/keyassignment/SpawnWindow.html	/reference/lua/keyassignment/spawnwindow/	docs/config/lua/keyassignment/SpawnWindow.md	docs/reference/lua/keyassignment/SpawnWindow.md
/config/lua/keyassignment/SplitHorizontal.html	/reference/lua/keyassignment/splithorizontal/	docs/config/lua/keyassignment/SplitHorizontal.md	docs/reference/lua/keyassignment/SplitHorizontal.md
/config/lua/keyassignment/SplitPane.html	/reference/lua/keyassignment/splitpane/	docs/config/lua/keyassignment/SplitPane.md	docs/reference/lua/keyassignment/SplitPane.md
/config/lua/keyassignment/SplitVertical.html	/reference/lua/keyassignment/splitvertical/	docs/config/lua/keyassignment/SplitVertical.md	docs/reference/lua/keyassignment/SplitVertical.md
/config/lua/keyassignment/StartWindowDrag.html	/reference/lua/keyassignment/startwindowdrag/	docs/config/lua/keyassignment/StartWindowDrag.md	docs/reference/lua/keyassignment/StartWindowDrag.md
/config/lua/keyassignment/SwitchToWorkspace.html	/reference/lua/keyassignment/switchtoworkspace/	docs/config/lua/keyassignment/SwitchToWorkspace.md	docs/reference/lua/keyassignment/SwitchToWorkspace.md
/config/lua/keyassignment/SwitchWorkspaceRelative.html	/reference/lua/keyassignment/switchworkspacerelative/	docs/config/lua/keyassignment/SwitchWorkspaceRelative.md	docs/reference/lua/keyassignment/SwitchWorkspaceRelative.md
/config/lua/keyassignment/ToggleAlwaysOnBottom.html	/reference/lua/keyassignment/togglealwaysonbottom/	docs/config/lua/keyassignment/ToggleAlwaysOnBottom.md	docs/reference/lua/keyassignment/ToggleAlwaysOnBottom.md
/config/lua/keyassignment/ToggleAlwaysOnTop.html	/reference/lua/keyassignment/togglealwaysontop/	docs/config/lua/keyassignment/ToggleAlwaysOnTop.md	docs/reference/lua/keyassignment/ToggleAlwaysOnTop.md
/config/lua/keyassignment/ToggleFullScreen.html	/reference/lua/keyassignment/togglefullscreen/	docs/config/lua/keyassignment/ToggleFullScreen.md	docs/reference/lua/keyassignment/ToggleFullScreen.md
/config/lua/keyassignment/TogglePaneZoomState.html	/reference/lua/keyassignment/togglepanezoomstate/	docs/config/lua/keyassignment/TogglePaneZoomState.md	docs/reference/lua/keyassignment/TogglePaneZoomState.md
/config/lua/LocalProcessInfo.html	/reference/lua/localprocessinfo/	docs/config/lua/LocalProcessInfo.md	docs/reference/lua/LocalProcessInfo.md
/config/lua/mux-events/index.html	/reference/lua/mux-events/	docs/config/lua/mux-events/index.markdown	docs/reference/lua/mux-events/index.markdown
/config/lua/mux-events/mux-is-process-stateful.html	/reference/lua/mux-events/mux-is-process-stateful/	docs/config/lua/mux-events/mux-is-process-stateful.md	docs/reference/lua/mux-events/mux-is-process-stateful.md
/config/lua/mux-events/mux-startup.html	/reference/lua/mux-events/mux-startup/	docs/config/lua/mux-events/mux-startup.md	docs/reference/lua/mux-events/mux-startup.md
/config/lua/mux-window/active_pane.html	/reference/lua/mux-window/active-pane/	docs/config/lua/mux-window/active_pane.md	docs/reference/lua/mux-window/active_pane.md
/config/lua/mux-window/active_tab.html	/reference/lua/mux-window/active-tab/	docs/config/lua/mux-window/active_tab.md	docs/reference/lua/mux-window/active_tab.md
/config/lua/mux-window/get_title.html	/reference/lua/mux-window/get-title/	docs/config/lua/mux-window/get_title.md	docs/reference/lua/mux-window/get_title.md
/config/lua/mux-window/get_workspace.html	/reference/lua/mux-window/get-workspace/	docs/config/lua/mux-window/get_workspace.md	docs/reference/lua/mux-window/get_workspace.md
/config/lua/mux-window/gui_window.html	/reference/lua/mux-window/gui-window/	docs/config/lua/mux-window/gui_window.md	docs/reference/lua/mux-window/gui_window.md
/config/lua/mux-window/index.html	/reference/lua/mux-window/	docs/config/lua/mux-window/index.markdown	docs/reference/lua/mux-window/index.markdown
/config/lua/mux-window/set_title.html	/reference/lua/mux-window/set-title/	docs/config/lua/mux-window/set_title.md	docs/reference/lua/mux-window/set_title.md
/config/lua/mux-window/set_workspace.html	/reference/lua/mux-window/set-workspace/	docs/config/lua/mux-window/set_workspace.md	docs/reference/lua/mux-window/set_workspace.md
/config/lua/mux-window/spawn_tab.html	/reference/lua/mux-window/spawn-tab/	docs/config/lua/mux-window/spawn_tab.md	docs/reference/lua/mux-window/spawn_tab.md
/config/lua/mux-window/tabs.html	/reference/lua/mux-window/tabs/	docs/config/lua/mux-window/tabs.md	docs/reference/lua/mux-window/tabs.md
/config/lua/mux-window/tabs_with_info.html	/reference/lua/mux-window/tabs-with-info/	docs/config/lua/mux-window/tabs_with_info.md	docs/reference/lua/mux-window/tabs_with_info.md
/config/lua/mux-window/window_id.html	/reference/lua/mux-window/window-id/	docs/config/lua/mux-window/window_id.md	docs/reference/lua/mux-window/window_id.md
/config/lua/MuxDomain/attach.html	/reference/lua/MuxDomain/attach/	docs/config/lua/MuxDomain/attach.md	docs/reference/lua/MuxDomain/attach.md
/config/lua/MuxDomain/detach.html	/reference/lua/MuxDomain/detach/	docs/config/lua/MuxDomain/detach.md	docs/reference/lua/MuxDomain/detach.md
/config/lua/MuxDomain/domain_id.html	/reference/lua/MuxDomain/domain-id/	docs/config/lua/MuxDomain/domain_id.md	docs/reference/lua/MuxDomain/domain_id.md
/config/lua/MuxDomain/has_any_panes.html	/reference/lua/MuxDomain/has-any-panes/	docs/config/lua/MuxDomain/has_any_panes.md	docs/reference/lua/MuxDomain/has_any_panes.md
/config/lua/MuxDomain/index.html	/reference/lua/MuxDomain/	docs/config/lua/MuxDomain/index.markdown	docs/reference/lua/MuxDomain/index.markdown
/config/lua/MuxDomain/is_spawnable.html	/reference/lua/MuxDomain/is-spawnable/	docs/config/lua/MuxDomain/is_spawnable.md	docs/reference/lua/MuxDomain/is_spawnable.md
/config/lua/MuxDomain/label.html	/reference/lua/MuxDomain/label/	docs/config/lua/MuxDomain/label.md	docs/reference/lua/MuxDomain/label.md
/config/lua/MuxDomain/name.html	/reference/lua/MuxDomain/name/	docs/config/lua/MuxDomain/name.md	docs/reference/lua/MuxDomain/name.md
/config/lua/MuxDomain/state.html	/reference/lua/MuxDomain/state/	docs/config/lua/MuxDomain/state.md	docs/reference/lua/MuxDomain/state.md
/config/lua/MuxTab/activate.html	/reference/lua/MuxTab/activate/	docs/config/lua/MuxTab/activate.md	docs/reference/lua/MuxTab/activate.md
/config/lua/MuxTab/active_pane.html	/reference/lua/MuxTab/active-pane/	docs/config/lua/MuxTab/active_pane.md	docs/reference/lua/MuxTab/active_pane.md
/config/lua/MuxTab/get_pane_direction.html	/reference/lua/MuxTab/get-pane-direction/	docs/config/lua/MuxTab/get_pane_direction.md	docs/reference/lua/MuxTab/get_pane_direction.md
/config/lua/MuxTab/get_size.html	/reference/lua/MuxTab/get-size/	docs/config/lua/MuxTab/get_size.md	docs/reference/lua/MuxTab/get_size.md
/config/lua/MuxTab/get_title.html	/reference/lua/MuxTab/get-title/	docs/config/lua/MuxTab/get_title.md	docs/reference/lua/MuxTab/get_title.md
/config/lua/MuxTab/index.html	/reference/lua/MuxTab/	docs/config/lua/MuxTab/index.markdown	docs/reference/lua/MuxTab/index.markdown
/config/lua/MuxTab/panes.html	/reference/lua/MuxTab/panes/	docs/config/lua/MuxTab/panes.md	docs/reference/lua/MuxTab/panes.md
/config/lua/MuxTab/panes_with_info.html	/reference/lua/MuxTab/panes-with-info/	docs/config/lua/MuxTab/panes_with_info.md	docs/reference/lua/MuxTab/panes_with_info.md
/config/lua/MuxTab/rotate_clockwise.html	/reference/lua/MuxTab/rotate-clockwise/	docs/config/lua/MuxTab/rotate_clockwise.md	docs/reference/lua/MuxTab/rotate_clockwise.md
/config/lua/MuxTab/rotate_counter_clockwise.html	/reference/lua/MuxTab/rotate-counter-clockwise/	docs/config/lua/MuxTab/rotate_counter_clockwise.md	docs/reference/lua/MuxTab/rotate_counter_clockwise.md
/config/lua/MuxTab/set_title.html	/reference/lua/MuxTab/set-title/	docs/config/lua/MuxTab/set_title.md	docs/reference/lua/MuxTab/set_title.md
/config/lua/MuxTab/set_zoomed.html	/reference/lua/MuxTab/set-zoomed/	docs/config/lua/MuxTab/set_zoomed.md	docs/reference/lua/MuxTab/set_zoomed.md
/config/lua/MuxTab/tab_id.html	/reference/lua/MuxTab/tab-id/	docs/config/lua/MuxTab/tab_id.md	docs/reference/lua/MuxTab/tab_id.md
/config/lua/MuxTab/window.html	/reference/lua/MuxTab/window/	docs/config/lua/MuxTab/window.md	docs/reference/lua/MuxTab/window.md
/config/lua/pane/activate.html	/reference/lua/pane/activate/	docs/config/lua/pane/activate.md	docs/reference/lua/pane/activate.md
/config/lua/pane/get_current_working_dir.html	/reference/lua/pane/get-current-working-dir/	docs/config/lua/pane/get_current_working_dir.md	docs/reference/lua/pane/get_current_working_dir.md
/config/lua/pane/get_cursor_position.html	/reference/lua/pane/get-cursor-position/	docs/config/lua/pane/get_cursor_position.md	docs/reference/lua/pane/get_cursor_position.md
/config/lua/pane/get_dimensions.html	/reference/lua/pane/get-dimensions/	docs/config/lua/pane/get_dimensions.md	docs/reference/lua/pane/get_dimensions.md
/config/lua/pane/get_domain_name.html	/reference/lua/pane/get-domain-name/	docs/config/lua/pane/get_domain_name.md	docs/reference/lua/pane/get_domain_name.md
/config/lua/pane/get_foreground_process_info.html	/reference/lua/pane/get-foreground-process-info/	docs/config/lua/pane/get_foreground_process_info.md	docs/reference/lua/pane/get_foreground_process_info.md
/config/lua/pane/get_foreground_process_name.html	/reference/lua/pane/get-foreground-process-name/	docs/config/lua/pane/get_foreground_process_name.md	docs/reference/lua/pane/get_foreground_process_name.md
/config/lua/pane/get_lines_as_escapes.html	/reference/lua/pane/get-lines-as-escapes/	docs/config/lua/pane/get_lines_as_escapes.md	docs/reference/lua/pane/get_lines_as_escapes.md
/config/lua/pane/get_lines_as_text.html	/reference/lua/pane/get-lines-as-text/	docs/config/lua/pane/get_lines_as_text.md	docs/reference/lua/pane/get_lines_as_text.md
/config/lua/pane/get_logical_lines_as_text.html	/reference/lua/pane/get-logical-lines-as-text/	docs/config/lua/pane/get_logical_lines_as_text.md	docs/reference/lua/pane/get_logical_lines_as_text.md
/config/lua/pane/get_metadata.html	/reference/lua/pane/get-metadata/	docs/config/lua/pane/get_metadata.md	docs/reference/lua/pane/get_metadata.md
/config/lua/pane/get_progress.html	/reference/lua/pane/get-progress/	docs/config/lua/pane/get_progress.md	docs/reference/lua/pane/get_progress.md
/config/lua/pane/get_semantic_zone_at.html	/reference/lua/pane/get-semantic-zone-at/	docs/config/lua/pane/get_semantic_zone_at.md	docs/reference/lua/pane/get_semantic_zone_at.md
/config/lua/pane/get_semantic_zones.html	/reference/lua/pane/get-semantic-zones/	docs/config/lua/pane/get_semantic_zones.md	docs/reference/lua/pane/get_semantic_zones.md
/config/lua/pane/get_text_from_region.html	/reference/lua/pane/get-text-from-region/	docs/config/lua/pane/get_text_from_region.md	docs/reference/lua/pane/get_text_from_region.md
/config/lua/pane/get_text_from_semantic_zone.html	/reference/lua/pane/get-text-from-semantic-zone/	docs/config/lua/pane/get_text_from_semantic_zone.md	docs/reference/lua/pane/get_text_from_semantic_zone.md
/config/lua/pane/get_title.html	/reference/lua/pane/get-title/	docs/config/lua/pane/get_title.md	docs/reference/lua/pane/get_title.md
/config/lua/pane/get_tty_name.html	/reference/lua/pane/get-tty-name/	docs/config/lua/pane/get_tty_name.md	docs/reference/lua/pane/get_tty_name.md
/config/lua/pane/get_user_vars.html	/reference/lua/pane/get-user-vars/	docs/config/lua/pane/get_user_vars.md	docs/reference/lua/pane/get_user_vars.md
/config/lua/pane/has_unseen_output.html	/reference/lua/pane/has-unseen-output/	docs/config/lua/pane/has_unseen_output.md	docs/reference/lua/pane/has_unseen_output.md
/config/lua/pane/index.html	/reference/lua/pane/	docs/config/lua/pane/index.markdown	docs/reference/lua/pane/index.markdown
/config/lua/pane/inject_output.html	/reference/lua/pane/inject-output/	docs/config/lua/pane/inject_output.md	docs/reference/lua/pane/inject_output.md
/config/lua/pane/is_alt_screen_active.html	/reference/lua/pane/is-alt-screen-active/	docs/config/lua/pane/is_alt_screen_active.md	docs/reference/lua/pane/is_alt_screen_active.md
/config/lua/pane/move_to_new_tab.html	/reference/lua/pane/move-to-new-tab/	docs/config/lua/pane/move_to_new_tab.md	docs/reference/lua/pane/move_to_new_tab.md
/config/lua/pane/move_to_new_window.html	/reference/lua/pane/move-to-new-window/	docs/config/lua/pane/move_to_new_window.md	docs/reference/lua/pane/move_to_new_window.md
/config/lua/pane/mux_pane.html	/reference/lua/pane/mux-pane/	docs/config/lua/pane/mux_pane.md	docs/reference/lua/pane/mux_pane.md
/config/lua/pane/pane_id.html	/reference/lua/pane/pane-id/	docs/config/lua/pane/pane_id.md	docs/reference/lua/pane/pane_id.md
/config/lua/pane/paste.html	/reference/lua/pane/paste/	docs/config/lua/pane/paste.md	docs/reference/lua/pane/paste.md
/config/lua/pane/send_paste.html	/reference/lua/pane/send-paste/	docs/config/lua/pane/send_paste.md	docs/reference/lua/pane/send_paste.md
/config/lua/pane/send_text.html	/reference/lua/pane/send-text/	docs/config/lua/pane/send_text.md	docs/reference/lua/pane/send_text.md
/config/lua/pane/split.html	/reference/lua/pane/split/	docs/config/lua/pane/split.md	docs/reference/lua/pane/split.md
/config/lua/pane/tab.html	/reference/lua/pane/tab/	docs/config/lua/pane/tab.md	docs/reference/lua/pane/tab.md
/config/lua/pane/window.html	/reference/lua/pane/window/	docs/config/lua/pane/window.md	docs/reference/lua/pane/window.md
/config/lua/PaneInformation.html	/reference/lua/paneinformation/	docs/config/lua/PaneInformation.md	docs/reference/lua/PaneInformation.md
/config/lua/SpawnCommand.html	/reference/lua/spawncommand/	docs/config/lua/SpawnCommand.md	docs/reference/lua/SpawnCommand.md
/config/lua/SshDomain.html	/reference/lua/sshdomain/	docs/config/lua/SshDomain.md	docs/reference/lua/SshDomain.md
/config/lua/TabInformation.html	/reference/lua/tabinformation/	docs/config/lua/TabInformation.md	docs/reference/lua/TabInformation.md
/config/lua/TlsDomainClient.html	/reference/lua/tlsdomainclient/	docs/config/lua/TlsDomainClient.md	docs/reference/lua/TlsDomainClient.md
/config/lua/TlsDomainServer.html	/reference/lua/tlsdomainserver/	docs/config/lua/TlsDomainServer.md	docs/reference/lua/TlsDomainServer.md
/config/lua/wakterm.color/extract_colors_from_image.html	/reference/lua/wakterm.color/extract-colors-from-image/	docs/config/lua/wakterm.color/extract_colors_from_image.md	docs/reference/lua/wakterm.color/extract_colors_from_image.md
/config/lua/wakterm.color/from_hsla.html	/reference/lua/wakterm.color/from-hsla/	docs/config/lua/wakterm.color/from_hsla.md	docs/reference/lua/wakterm.color/from_hsla.md
/config/lua/wakterm.color/get_builtin_schemes.html	/reference/lua/wakterm.color/get-builtin-schemes/	docs/config/lua/wakterm.color/get_builtin_schemes.md	docs/reference/lua/wakterm.color/get_builtin_schemes.md
/config/lua/wakterm.color/get_default_colors.html	/reference/lua/wakterm.color/get-default-colors/	docs/config/lua/wakterm.color/get_default_colors.md	docs/reference/lua/wakterm.color/get_default_colors.md
/config/lua/wakterm.color/gradient.html	/reference/lua/wakterm.color/gradient/	docs/config/lua/wakterm.color/gradient.md	docs/reference/lua/wakterm.color/gradient.md
/config/lua/wakterm.color/index.html	/reference/lua/wakterm.color/	docs/config/lua/wakterm.color/index.markdown	docs/reference/lua/wakterm.color/index.markdown
/config/lua/wakterm.color/load_base16_scheme.html	/reference/lua/wakterm.color/load-base16-scheme/	docs/config/lua/wakterm.color/load_base16_scheme.md	docs/reference/lua/wakterm.color/load_base16_scheme.md
/config/lua/wakterm.color/load_scheme.html	/reference/lua/wakterm.color/load-scheme/	docs/config/lua/wakterm.color/load_scheme.md	docs/reference/lua/wakterm.color/load_scheme.md
/config/lua/wakterm.color/load_terminal_sexy_scheme.html	/reference/lua/wakterm.color/load-terminal-sexy-scheme/	docs/config/lua/wakterm.color/load_terminal_sexy_scheme.md	docs/reference/lua/wakterm.color/load_terminal_sexy_scheme.md
/config/lua/wakterm.color/parse.html	/reference/lua/wakterm.color/parse/	docs/config/lua/wakterm.color/parse.md	docs/reference/lua/wakterm.color/parse.md
/config/lua/wakterm.color/save_scheme.html	/reference/lua/wakterm.color/save-scheme/	docs/config/lua/wakterm.color/save_scheme.md	docs/reference/lua/wakterm.color/save_scheme.md
/config/lua/wakterm.gui/default_key_tables.html	/reference/lua/wakterm.gui/default-key-tables/	docs/config/lua/wakterm.gui/default_key_tables.md	docs/reference/lua/wakterm.gui/default_key_tables.md
/config/lua/wakterm.gui/default_keys.html	/reference/lua/wakterm.gui/default-keys/	docs/config/lua/wakterm.gui/default_keys.md	docs/reference/lua/wakterm.gui/default_keys.md
/config/lua/wakterm.gui/enumerate_gpus.html	/reference/lua/wakterm.gui/enumerate-gpus/	docs/config/lua/wakterm.gui/enumerate_gpus.md	docs/reference/lua/wakterm.gui/enumerate_gpus.md
/config/lua/wakterm.gui/get_appearance.html	/reference/lua/wakterm.gui/get-appearance/	docs/config/lua/wakterm.gui/get_appearance.md	docs/reference/lua/wakterm.gui/get_appearance.md
/config/lua/wakterm.gui/gui_window_for_mux_window.html	/reference/lua/wakterm.gui/gui-window-for-mux-window/	docs/config/lua/wakterm.gui/gui_window_for_mux_window.md	docs/reference/lua/wakterm.gui/gui_window_for_mux_window.md
/config/lua/wakterm.gui/gui_windows.html	/reference/lua/wakterm.gui/gui-windows/	docs/config/lua/wakterm.gui/gui_windows.md	docs/reference/lua/wakterm.gui/gui_windows.md
/config/lua/wakterm.gui/index.html	/reference/lua/wakterm.gui/	docs/config/lua/wakterm.gui/index.markdown	docs/reference/lua/wakterm.gui/index.markdown
/config/lua/wakterm.gui/screens.html	/reference/lua/wakterm.gui/screens/	docs/config/lua/wakterm.gui/screens.md	docs/reference/lua/wakterm.gui/screens.md
/config/lua/wakterm.mux/all_domains.html	/reference/lua/wakterm.mux/all-domains/	docs/config/lua/wakterm.mux/all_domains.md	docs/reference/lua/wakterm.mux/all_domains.md
/config/lua/wakterm.mux/all_windows.html	/reference/lua/wakterm.mux/all-windows/	docs/config/lua/wakterm.mux/all_windows.md	docs/reference/lua/wakterm.mux/all_windows.md
/config/lua/wakterm.mux/get_active_workspace.html	/reference/lua/wakterm.mux/get-active-workspace/	docs/config/lua/wakterm.mux/get_active_workspace.md	docs/reference/lua/wakterm.mux/get_active_workspace.md
/config/lua/wakterm.mux/get_domain.html	/reference/lua/wakterm.mux/get-domain/	docs/config/lua/wakterm.mux/get_domain.md	docs/reference/lua/wakterm.mux/get_domain.md
/config/lua/wakterm.mux/get_pane.html	/reference/lua/wakterm.mux/get-pane/	docs/config/lua/wakterm.mux/get_pane.md	docs/reference/lua/wakterm.mux/get_pane.md
/config/lua/wakterm.mux/get_tab.html	/reference/lua/wakterm.mux/get-tab/	docs/config/lua/wakterm.mux/get_tab.md	docs/reference/lua/wakterm.mux/get_tab.md
/config/lua/wakterm.mux/get_window.html	/reference/lua/wakterm.mux/get-window/	docs/config/lua/wakterm.mux/get_window.md	docs/reference/lua/wakterm.mux/get_window.md
/config/lua/wakterm.mux/get_workspace_names.html	/reference/lua/wakterm.mux/get-workspace-names/	docs/config/lua/wakterm.mux/get_workspace_names.md	docs/reference/lua/wakterm.mux/get_workspace_names.md
/config/lua/wakterm.mux/index.html	/reference/lua/wakterm.mux/	docs/config/lua/wakterm.mux/index.markdown	docs/reference/lua/wakterm.mux/index.markdown
/config/lua/wakterm.mux/rename_workspace.html	/reference/lua/wakterm.mux/rename-workspace/	docs/config/lua/wakterm.mux/rename_workspace.md	docs/reference/lua/wakterm.mux/rename_workspace.md
/config/lua/wakterm.mux/set_active_workspace.html	/reference/lua/wakterm.mux/set-active-workspace/	docs/config/lua/wakterm.mux/set_active_workspace.md	docs/reference/lua/wakterm.mux/set_active_workspace.md
/config/lua/wakterm.mux/set_default_domain.html	/reference/lua/wakterm.mux/set-default-domain/	docs/config/lua/wakterm.mux/set_default_domain.md	docs/reference/lua/wakterm.mux/set_default_domain.md
/config/lua/wakterm.mux/spawn_window.html	/reference/lua/wakterm.mux/spawn-window/	docs/config/lua/wakterm.mux/spawn_window.md	docs/reference/lua/wakterm.mux/spawn_window.md
/config/lua/wakterm.plugin/index.html	/reference/lua/wakterm.plugin/	docs/config/lua/wakterm.plugin/index.markdown	docs/reference/lua/wakterm.plugin/index.markdown
/config/lua/wakterm.plugin/index.html	/reference/lua/wakterm.plugin/	docs/config/lua/wakterm.plugin/index.md	docs/reference/lua/wakterm.plugin/index.md
/config/lua/wakterm.plugin/list.html	/reference/lua/wakterm.plugin/list/	docs/config/lua/wakterm.plugin/list.md	docs/reference/lua/wakterm.plugin/list.md
/config/lua/wakterm.plugin/require.html	/reference/lua/wakterm.plugin/require/	docs/config/lua/wakterm.plugin/require.md	docs/reference/lua/wakterm.plugin/require.md
/config/lua/wakterm.plugin/update_all.html	/reference/lua/wakterm.plugin/update-all/	docs/config/lua/wakterm.plugin/update_all.md	docs/reference/lua/wakterm.plugin/update_all.md
/config/lua/wakterm.procinfo/current_working_dir_for_pid.html	/reference/lua/wakterm.procinfo/current-working-dir-for-pid/	docs/config/lua/wakterm.procinfo/current_working_dir_for_pid.md	docs/reference/lua/wakterm.procinfo/current_working_dir_for_pid.md
/config/lua/wakterm.procinfo/executable_path_for_pid.html	/reference/lua/wakterm.procinfo/executable-path-for-pid/	docs/config/lua/wakterm.procinfo/executable_path_for_pid.md	docs/reference/lua/wakterm.procinfo/executable_path_for_pid.md
/config/lua/wakterm.procinfo/get_info_for_pid.html	/reference/lua/wakterm.procinfo/get-info-for-pid/	docs/config/lua/wakterm.procinfo/get_info_for_pid.md	docs/reference/lua/wakterm.procinfo/get_info_for_pid.md
/config/lua/wakterm.procinfo/index.html	/reference/lua/wakterm.procinfo/	docs/config/lua/wakterm.procinfo/index.markdown	docs/reference/lua/wakterm.procinfo/index.markdown
/config/lua/wakterm.procinfo/pid.html	/reference/lua/wakterm.procinfo/pid/	docs/config/lua/wakterm.procinfo/pid.md	docs/reference/lua/wakterm.procinfo/pid.md
/config/lua/wakterm.serde/index.html	/reference/lua/wakterm.serde/	docs/config/lua/wakterm.serde/index.markdown	docs/reference/lua/wakterm.serde/index.markdown
/config/lua/wakterm.serde/json_decode.html	/reference/lua/wakterm.serde/json-decode/	docs/config/lua/wakterm.serde/json_decode.md	docs/reference/lua/wakterm.serde/json_decode.md
/config/lua/wakterm.serde/json_encode.html	/reference/lua/wakterm.serde/json-encode/	docs/config/lua/wakterm.serde/json_encode.md	docs/reference/lua/wakterm.serde/json_encode.md
/config/lua/wakterm.serde/json_encode_pretty.html	/reference/lua/wakterm.serde/json-encode-pretty/	docs/config/lua/wakterm.serde/json_encode_pretty.md	docs/reference/lua/wakterm.serde/json_encode_pretty.md
/config/lua/wakterm.serde/toml_decode.html	/reference/lua/wakterm.serde/toml-decode/	docs/config/lua/wakterm.serde/toml_decode.md	docs/reference/lua/wakterm.serde/toml_decode.md
/config/lua/wakterm.serde/toml_encode.html	/reference/lua/wakterm.serde/toml-encode/	docs/config/lua/wakterm.serde/toml_encode.md	docs/reference/lua/wakterm.serde/toml_encode.md
/config/lua/wakterm.serde/toml_encode_pretty.html	/reference/lua/wakterm.serde/toml-encode-pretty/	docs/config/lua/wakterm.serde/toml_encode_pretty.md	docs/reference/lua/wakterm.serde/toml_encode_pretty.md
/config/lua/wakterm.serde/yaml_decode.html	/reference/lua/wakterm.serde/yaml-decode/	docs/config/lua/wakterm.serde/yaml_decode.md	docs/reference/lua/wakterm.serde/yaml_decode.md
/config/lua/wakterm.serde/yaml_encode.html	/reference/lua/wakterm.serde/yaml-encode/	docs/config/lua/wakterm.serde/yaml_encode.md	docs/reference/lua/wakterm.serde/yaml_encode.md
/config/lua/wakterm.time/call_after.html	/reference/lua/wakterm.time/call-after/	docs/config/lua/wakterm.time/call_after.md	docs/reference/lua/wakterm.time/call_after.md
/config/lua/wakterm.time/index.html	/reference/lua/wakterm.time/	docs/config/lua/wakterm.time/index.markdown	docs/reference/lua/wakterm.time/index.markdown
/config/lua/wakterm.time/now.html	/reference/lua/wakterm.time/now/	docs/config/lua/wakterm.time/now.md	docs/reference/lua/wakterm.time/now.md
/config/lua/wakterm.time/parse.html	/reference/lua/wakterm.time/parse/	docs/config/lua/wakterm.time/parse.md	docs/reference/lua/wakterm.time/parse.md
/config/lua/wakterm.time/parse_rfc3339.html	/reference/lua/wakterm.time/parse-rfc3339/	docs/config/lua/wakterm.time/parse_rfc3339.md	docs/reference/lua/wakterm.time/parse_rfc3339.md
/config/lua/wakterm.time/Time/format.html	/reference/lua/wakterm.time/Time/format/	docs/config/lua/wakterm.time/Time/format.md	docs/reference/lua/wakterm.time/Time/format.md
/config/lua/wakterm.time/Time/format_utc.html	/reference/lua/wakterm.time/Time/format-utc/	docs/config/lua/wakterm.time/Time/format_utc.md	docs/reference/lua/wakterm.time/Time/format_utc.md
/config/lua/wakterm.time/Time/index.html	/reference/lua/wakterm.time/Time/	docs/config/lua/wakterm.time/Time/index.markdown	docs/reference/lua/wakterm.time/Time/index.markdown
/config/lua/wakterm.time/Time/sun_times.html	/reference/lua/wakterm.time/Time/sun-times/	docs/config/lua/wakterm.time/Time/sun_times.md	docs/reference/lua/wakterm.time/Time/sun_times.md
/config/lua/wakterm.url/index.html	/reference/lua/wakterm.url/	docs/config/lua/wakterm.url/index.markdown	docs/reference/lua/wakterm.url/index.markdown
/config/lua/wakterm.url/parse.html	/reference/lua/wakterm.url/parse/	docs/config/lua/wakterm.url/parse.md	docs/reference/lua/wakterm.url/parse.md
/config/lua/wakterm.url/Url.html	/reference/lua/wakterm.url/url/	docs/config/lua/wakterm.url/Url.md	docs/reference/lua/wakterm.url/Url.md
/config/lua/wakterm/action.html	/reference/lua/wakterm/action/	docs/config/lua/wakterm/action.md	docs/reference/lua/wakterm/action.md
/config/lua/wakterm/action_callback.html	/reference/lua/wakterm/action-callback/	docs/config/lua/wakterm/action_callback.md	docs/reference/lua/wakterm/action_callback.md
/config/lua/wakterm/add_to_config_reload_watch_list.html	/reference/lua/wakterm/add-to-config-reload-watch-list/	docs/config/lua/wakterm/add_to_config_reload_watch_list.md	docs/reference/lua/wakterm/add_to_config_reload_watch_list.md
/config/lua/wakterm/background_child_process.html	/reference/lua/wakterm/background-child-process/	docs/config/lua/wakterm/background_child_process.md	docs/reference/lua/wakterm/background_child_process.md
/config/lua/wakterm/battery_info.html	/reference/lua/wakterm/battery-info/	docs/config/lua/wakterm/battery_info.md	docs/reference/lua/wakterm/battery_info.md
/config/lua/wakterm/column_width.html	/reference/lua/wakterm/column-width/	docs/config/lua/wakterm/column_width.md	docs/reference/lua/wakterm/column_width.md
/config/lua/wakterm/config_builder.html	/reference/lua/wakterm/config-builder/	docs/config/lua/wakterm/config_builder.md	docs/reference/lua/wakterm/config_builder.md
/config/lua/wakterm/config_dir.html	/reference/lua/wakterm/config-dir/	docs/config/lua/wakterm/config_dir.md	docs/reference/lua/wakterm/config_dir.md
/config/lua/wakterm/config_file.html	/reference/lua/wakterm/config-file/	docs/config/lua/wakterm/config_file.md	docs/reference/lua/wakterm/config_file.md
/config/lua/wakterm/default_hyperlink_rules.html	/reference/lua/wakterm/default-hyperlink-rules/	docs/config/lua/wakterm/default_hyperlink_rules.md	docs/reference/lua/wakterm/default_hyperlink_rules.md
/config/lua/wakterm/default_ssh_domains.html	/reference/lua/wakterm/default-ssh-domains/	docs/config/lua/wakterm/default_ssh_domains.md	docs/reference/lua/wakterm/default_ssh_domains.md
/config/lua/wakterm/default_wsl_domains.html	/reference/lua/wakterm/default-wsl-domains/	docs/config/lua/wakterm/default_wsl_domains.md	docs/reference/lua/wakterm/default_wsl_domains.md
/config/lua/wakterm/emit.html	/reference/lua/wakterm/emit/	docs/config/lua/wakterm/emit.md	docs/reference/lua/wakterm/emit.md
/config/lua/wakterm/enumerate_ssh_hosts.html	/reference/lua/wakterm/enumerate-ssh-hosts/	docs/config/lua/wakterm/enumerate_ssh_hosts.md	docs/reference/lua/wakterm/enumerate_ssh_hosts.md
/config/lua/wakterm/executable_dir.html	/reference/lua/wakterm/executable-dir/	docs/config/lua/wakterm/executable_dir.md	docs/reference/lua/wakterm/executable_dir.md
/config/lua/wakterm/font.html	/reference/lua/wakterm/font/	docs/config/lua/wakterm/font.md	docs/reference/lua/wakterm/font.md
/config/lua/wakterm/font_with_fallback.html	/reference/lua/wakterm/font-with-fallback/	docs/config/lua/wakterm/font_with_fallback.md	docs/reference/lua/wakterm/font_with_fallback.md
/config/lua/wakterm/format.html	/reference/lua/wakterm/format/	docs/config/lua/wakterm/format.md	docs/reference/lua/wakterm/format.md
/config/lua/wakterm/get_builtin_color_schemes.html	/reference/lua/wakterm/get-builtin-color-schemes/	docs/config/lua/wakterm/get_builtin_color_schemes.md	docs/reference/lua/wakterm/get_builtin_color_schemes.md
/config/lua/wakterm/glob.html	/reference/lua/wakterm/glob/	docs/config/lua/wakterm/glob.md	docs/reference/lua/wakterm/glob.md
/config/lua/wakterm/GLOBAL.html	/reference/lua/wakterm/global/	docs/config/lua/wakterm/GLOBAL.md	docs/reference/lua/wakterm/GLOBAL.md
/config/lua/wakterm/gradient_colors.html	/reference/lua/wakterm/gradient-colors/	docs/config/lua/wakterm/gradient_colors.md	docs/reference/lua/wakterm/gradient_colors.md
/config/lua/wakterm/has_action.html	/reference/lua/wakterm/has-action/	docs/config/lua/wakterm/has_action.md	docs/reference/lua/wakterm/has_action.md
/config/lua/wakterm/home_dir.html	/reference/lua/wakterm/home-dir/	docs/config/lua/wakterm/home_dir.md	docs/reference/lua/wakterm/home_dir.md
/config/lua/wakterm/hostname.html	/reference/lua/wakterm/hostname/	docs/config/lua/wakterm/hostname.md	docs/reference/lua/wakterm/hostname.md
/config/lua/wakterm/index.html	/reference/lua/wakterm/	docs/config/lua/wakterm/index.markdown	docs/reference/lua/wakterm/index.markdown
/config/lua/wakterm/json_encode.html	/reference/lua/wakterm/json-encode/	docs/config/lua/wakterm/json_encode.md	docs/reference/lua/wakterm/json_encode.md
/config/lua/wakterm/json_parse.html	/reference/lua/wakterm/json-parse/	docs/config/lua/wakterm/json_parse.md	docs/reference/lua/wakterm/json_parse.md
/config/lua/wakterm/log_error.html	/reference/lua/wakterm/log-error/	docs/config/lua/wakterm/log_error.md	docs/reference/lua/wakterm/log_error.md
/config/lua/wakterm/log_info.html	/reference/lua/wakterm/log-info/	docs/config/lua/wakterm/log_info.md	docs/reference/lua/wakterm/log_info.md
/config/lua/wakterm/log_warn.html	/reference/lua/wakterm/log-warn/	docs/config/lua/wakterm/log_warn.md	docs/reference/lua/wakterm/log_warn.md
/config/lua/wakterm/nerdfonts.html	/reference/lua/wakterm/nerdfonts/	docs/config/lua/wakterm/nerdfonts.md	docs/reference/lua/wakterm/nerdfonts.md
/config/lua/wakterm/on.html	/reference/lua/wakterm/on/	docs/config/lua/wakterm/on.md	docs/reference/lua/wakterm/on.md
/config/lua/wakterm/open_with.html	/reference/lua/wakterm/open-with/	docs/config/lua/wakterm/open_with.md	docs/reference/lua/wakterm/open_with.md
/config/lua/wakterm/pad_left.html	/reference/lua/wakterm/pad-left/	docs/config/lua/wakterm/pad_left.md	docs/reference/lua/wakterm/pad_left.md
/config/lua/wakterm/pad_right.html	/reference/lua/wakterm/pad-right/	docs/config/lua/wakterm/pad_right.md	docs/reference/lua/wakterm/pad_right.md
/config/lua/wakterm/permute_any_mods.html	/reference/lua/wakterm/permute-any-mods/	docs/config/lua/wakterm/permute_any_mods.md	docs/reference/lua/wakterm/permute_any_mods.md
/config/lua/wakterm/permute_any_or_no_mods.html	/reference/lua/wakterm/permute-any-or-no-mods/	docs/config/lua/wakterm/permute_any_or_no_mods.md	docs/reference/lua/wakterm/permute_any_or_no_mods.md
/config/lua/wakterm/read_dir.html	/reference/lua/wakterm/read-dir/	docs/config/lua/wakterm/read_dir.md	docs/reference/lua/wakterm/read_dir.md
/config/lua/wakterm/reload_configuration.html	/reference/lua/wakterm/reload-configuration/	docs/config/lua/wakterm/reload_configuration.md	docs/reference/lua/wakterm/reload_configuration.md
/config/lua/wakterm/run_child_process.html	/reference/lua/wakterm/run-child-process/	docs/config/lua/wakterm/run_child_process.md	docs/reference/lua/wakterm/run_child_process.md
/config/lua/wakterm/running_under_wsl.html	/reference/lua/wakterm/running-under-wsl/	docs/config/lua/wakterm/running_under_wsl.md	docs/reference/lua/wakterm/running_under_wsl.md
/config/lua/wakterm/shell_join_args.html	/reference/lua/wakterm/shell-join-args/	docs/config/lua/wakterm/shell_join_args.md	docs/reference/lua/wakterm/shell_join_args.md
/config/lua/wakterm/shell_quote_arg.html	/reference/lua/wakterm/shell-quote-arg/	docs/config/lua/wakterm/shell_quote_arg.md	docs/reference/lua/wakterm/shell_quote_arg.md
/config/lua/wakterm/shell_split.html	/reference/lua/wakterm/shell-split/	docs/config/lua/wakterm/shell_split.md	docs/reference/lua/wakterm/shell_split.md
/config/lua/wakterm/sleep_ms.html	/reference/lua/wakterm/sleep-ms/	docs/config/lua/wakterm/sleep_ms.md	docs/reference/lua/wakterm/sleep_ms.md
/config/lua/wakterm/split_by_newlines.html	/reference/lua/wakterm/split-by-newlines/	docs/config/lua/wakterm/split_by_newlines.md	docs/reference/lua/wakterm/split_by_newlines.md
/config/lua/wakterm/strftime.html	/reference/lua/wakterm/strftime/	docs/config/lua/wakterm/strftime.md	docs/reference/lua/wakterm/strftime.md
/config/lua/wakterm/strftime_utc.html	/reference/lua/wakterm/strftime-utc/	docs/config/lua/wakterm/strftime_utc.md	docs/reference/lua/wakterm/strftime_utc.md
/config/lua/wakterm/target_triple.html	/reference/lua/wakterm/target-triple/	docs/config/lua/wakterm/target_triple.md	docs/reference/lua/wakterm/target_triple.md
/config/lua/wakterm/to_string.html	/reference/lua/wakterm/to-string/	docs/config/lua/wakterm/to_string.md	docs/reference/lua/wakterm/to_string.md
/config/lua/wakterm/truncate_left.html	/reference/lua/wakterm/truncate-left/	docs/config/lua/wakterm/truncate_left.md	docs/reference/lua/wakterm/truncate_left.md
/config/lua/wakterm/truncate_right.html	/reference/lua/wakterm/truncate-right/	docs/config/lua/wakterm/truncate_right.md	docs/reference/lua/wakterm/truncate_right.md
/config/lua/wakterm/utf16_to_utf8.html	/reference/lua/wakterm/utf16-to-utf8/	docs/config/lua/wakterm/utf16_to_utf8.md	docs/reference/lua/wakterm/utf16_to_utf8.md
/config/lua/wakterm/version.html	/reference/lua/wakterm/version/	docs/config/lua/wakterm/version.md	docs/reference/lua/wakterm/version.md
/config/lua/window-events/augment-command-palette.html	/reference/lua/window-events/augment-command-palette/	docs/config/lua/window-events/augment-command-palette.md	docs/reference/lua/window-events/augment-command-palette.md
/config/lua/window-events/bell.html	/reference/lua/window-events/bell/	docs/config/lua/window-events/bell.md	docs/reference/lua/window-events/bell.md
/config/lua/window-events/format-tab-title.html	/reference/lua/window-events/format-tab-title/	docs/config/lua/window-events/format-tab-title.md	docs/reference/lua/window-events/format-tab-title.md
/config/lua/window-events/format-window-title.html	/reference/lua/window-events/format-window-title/	docs/config/lua/window-events/format-window-title.md	docs/reference/lua/window-events/format-window-title.md
/config/lua/window-events/index.html	/reference/lua/window-events/	docs/config/lua/window-events/index.markdown	docs/reference/lua/window-events/index.markdown
/config/lua/window-events/new-tab-button-click.html	/reference/lua/window-events/new-tab-button-click/	docs/config/lua/window-events/new-tab-button-click.md	docs/reference/lua/window-events/new-tab-button-click.md
/config/lua/window-events/open-uri.html	/reference/lua/window-events/open-uri/	docs/config/lua/window-events/open-uri.md	docs/reference/lua/window-events/open-uri.md
/config/lua/window-events/update-right-status.html	/reference/lua/window-events/update-right-status/	docs/config/lua/window-events/update-right-status.md	docs/reference/lua/window-events/update-right-status.md
/config/lua/window-events/update-status.html	/reference/lua/window-events/update-status/	docs/config/lua/window-events/update-status.md	docs/reference/lua/window-events/update-status.md
/config/lua/window-events/user-var-changed.html	/reference/lua/window-events/user-var-changed/	docs/config/lua/window-events/user-var-changed.md	docs/reference/lua/window-events/user-var-changed.md
/config/lua/window-events/window-config-reloaded.html	/reference/lua/window-events/window-config-reloaded/	docs/config/lua/window-events/window-config-reloaded.md	docs/reference/lua/window-events/window-config-reloaded.md
/config/lua/window-events/window-focus-changed.html	/reference/lua/window-events/window-focus-changed/	docs/config/lua/window-events/window-focus-changed.md	docs/reference/lua/window-events/window-focus-changed.md
/config/lua/window-events/window-resized.html	/reference/lua/window-events/window-resized/	docs/config/lua/window-events/window-resized.md	docs/reference/lua/window-events/window-resized.md
/config/lua/window/active_key_table.html	/reference/lua/window/active-key-table/	docs/config/lua/window/active_key_table.md	docs/reference/lua/window/active_key_table.md
/config/lua/window/active_pane.html	/reference/lua/window/active-pane/	docs/config/lua/window/active_pane.md	docs/reference/lua/window/active_pane.md
/config/lua/window/active_tab.html	/reference/lua/window/active-tab/	docs/config/lua/window/active_tab.md	docs/reference/lua/window/active_tab.md
/config/lua/window/active_workspace.html	/reference/lua/window/active-workspace/	docs/config/lua/window/active_workspace.md	docs/reference/lua/window/active_workspace.md
/config/lua/window/composition_status.html	/reference/lua/window/composition-status/	docs/config/lua/window/composition_status.md	docs/reference/lua/window/composition_status.md
/config/lua/window/copy_to_clipboard.html	/reference/lua/window/copy-to-clipboard/	docs/config/lua/window/copy_to_clipboard.md	docs/reference/lua/window/copy_to_clipboard.md
/config/lua/window/current_event.html	/reference/lua/window/current-event/	docs/config/lua/window/current_event.md	docs/reference/lua/window/current_event.md
/config/lua/window/effective_config.html	/reference/lua/window/effective-config/	docs/config/lua/window/effective_config.md	docs/reference/lua/window/effective_config.md
/config/lua/window/focus.html	/reference/lua/window/focus/	docs/config/lua/window/focus.md	docs/reference/lua/window/focus.md
/config/lua/window/get_appearance.html	/reference/lua/window/get-appearance/	docs/config/lua/window/get_appearance.md	docs/reference/lua/window/get_appearance.md
/config/lua/window/get_config_overrides.html	/reference/lua/window/get-config-overrides/	docs/config/lua/window/get_config_overrides.md	docs/reference/lua/window/get_config_overrides.md
/config/lua/window/get_dimensions.html	/reference/lua/window/get-dimensions/	docs/config/lua/window/get_dimensions.md	docs/reference/lua/window/get_dimensions.md
/config/lua/window/get_selection_escapes_for_pane.html	/reference/lua/window/get-selection-escapes-for-pane/	docs/config/lua/window/get_selection_escapes_for_pane.md	docs/reference/lua/window/get_selection_escapes_for_pane.md
/config/lua/window/get_selection_text_for_pane.html	/reference/lua/window/get-selection-text-for-pane/	docs/config/lua/window/get_selection_text_for_pane.md	docs/reference/lua/window/get_selection_text_for_pane.md
/config/lua/window/index.html	/reference/lua/window/	docs/config/lua/window/index.markdown	docs/reference/lua/window/index.markdown
/config/lua/window/is_focused.html	/reference/lua/window/is-focused/	docs/config/lua/window/is_focused.md	docs/reference/lua/window/is_focused.md
/config/lua/window/keyboard_modifiers.html	/reference/lua/window/keyboard-modifiers/	docs/config/lua/window/keyboard_modifiers.md	docs/reference/lua/window/keyboard_modifiers.md
/config/lua/window/leader_is_active.html	/reference/lua/window/leader-is-active/	docs/config/lua/window/leader_is_active.md	docs/reference/lua/window/leader_is_active.md
/config/lua/window/maximize.html	/reference/lua/window/maximize/	docs/config/lua/window/maximize.md	docs/reference/lua/window/maximize.md
/config/lua/window/mux_window.html	/reference/lua/window/mux-window/	docs/config/lua/window/mux_window.md	docs/reference/lua/window/mux_window.md
/config/lua/window/perform_action.html	/reference/lua/window/perform-action/	docs/config/lua/window/perform_action.md	docs/reference/lua/window/perform_action.md
/config/lua/window/restore.html	/reference/lua/window/restore/	docs/config/lua/window/restore.md	docs/reference/lua/window/restore.md
/config/lua/window/set_config_overrides.html	/reference/lua/window/set-config-overrides/	docs/config/lua/window/set_config_overrides.md	docs/reference/lua/window/set_config_overrides.md
/config/lua/window/set_inner_size.html	/reference/lua/window/set-inner-size/	docs/config/lua/window/set_inner_size.md	docs/reference/lua/window/set_inner_size.md
/config/lua/window/set_left_status.html	/reference/lua/window/set-left-status/	docs/config/lua/window/set_left_status.md	docs/reference/lua/window/set_left_status.md
/config/lua/window/set_position.html	/reference/lua/window/set-position/	docs/config/lua/window/set_position.md	docs/reference/lua/window/set_position.md
/config/lua/window/set_right_status.html	/reference/lua/window/set-right-status/	docs/config/lua/window/set_right_status.md	docs/reference/lua/window/set_right_status.md
/config/lua/window/toast_notification.html	/reference/lua/window/toast-notification/	docs/config/lua/window/toast_notification.md	docs/reference/lua/window/toast_notification.md
/config/lua/window/toggle_fullscreen.html	/reference/lua/window/toggle-fullscreen/	docs/config/lua/window/toggle_fullscreen.md	docs/reference/lua/window/toggle_fullscreen.md
/config/lua/window/window_id.html	/reference/lua/window/window-id/	docs/config/lua/window/window_id.md	docs/reference/lua/window/window_id.md
/config/lua/WslDomain.html	/reference/lua/wsldomain/	docs/config/lua/WslDomain.md	docs/reference/lua/WslDomain.md
/config/mouse.html	/guides/configuration/mouse/	docs/config/mouse.md	docs/guides/configuration/mouse.md
/config/plugins.html	/guides/configuration/plugins/	docs/config/plugins.md	docs/guides/configuration/plugins.md
/examples/default-copy-mode-key-table.html	/generated/key-tables/default-copy-mode-key-table/	docs/examples/default-copy-mode-key-table.markdown	docs/generated/key-tables/default-copy-mode-key-table.markdown
/examples/default-search-mode-key-table.html	/generated/key-tables/default-search-mode-key-table/	docs/examples/default-search-mode-key-table.markdown	docs/generated/key-tables/default-search-mode-key-table.markdown
/recipes/hyperlinks.html	/guides/recipes/hyperlinks/	docs/recipes/hyperlinks.md	docs/guides/recipes/hyperlinks.md
/recipes/index.html	/guides/recipes/	docs/recipes/index.markdown	docs/guides/recipes/index.markdown
/recipes/passing-data.html	/guides/recipes/passing-data/	docs/recipes/passing-data.md	docs/guides/recipes/passing-data.md
/recipes/workspaces.html	/guides/recipes/workspaces/	docs/recipes/workspaces.md	docs/guides/recipes/workspaces.md
